/*
SQLyog Ultimate v11.24 (32 bit)
MySQL - 5.6.33 : Database - wy_inspection
*********************************************************************
*/

/*!40101 SET NAMES utf8 */;

/*!40101 SET SQL_MODE=''*/;

/*!40014 SET @OLD_UNIQUE_CHECKS=@@UNIQUE_CHECKS, UNIQUE_CHECKS=0 */;
/*!40014 SET @OLD_FOREIGN_KEY_CHECKS=@@FOREIGN_KEY_CHECKS, FOREIGN_KEY_CHECKS=0 */;
/*!40101 SET @OLD_SQL_MODE=@@SQL_MODE, SQL_MODE='NO_AUTO_VALUE_ON_ZERO' */;
/*!40111 SET @OLD_SQL_NOTES=@@SQL_NOTES, SQL_NOTES=0 */;
CREATE DATABASE /*!32312 IF NOT EXISTS*/`wy_inspection` /*!40100 DEFAULT CHARACTER SET utf8 */;

USE `wy_inspection`;

/*Table structure for table `wy_detail_addons` */

DROP TABLE IF EXISTS `wy_detail_addons`;

CREATE TABLE `wy_detail_addons` (
  `id` bigint(20) NOT NULL COMMENT 'id',
  `st_id` bigint(20) DEFAULT NULL COMMENT '标准id',
  `st_no` varchar(256) DEFAULT NULL COMMENT '标准名称',
  `area_id` bigint(20) DEFAULT NULL COMMENT '小区id',
  `area_name` varchar(256) DEFAULT NULL COMMENT '小区名称',
  `is_necessary` int(2) DEFAULT NULL COMMENT '是否必检 0否 1是',
  `detail_address` varchar(1024) DEFAULT NULL COMMENT '重点检查地址',
  `plan_id` bigint(20) DEFAULT NULL COMMENT '计划id',
  PRIMARY KEY (`id`)
) ENGINE=InnoDB DEFAULT CHARSET=utf8;

/*Data for the table `wy_detail_addons` */

insert  into `wy_detail_addons`(`id`,`st_id`,`st_no`,`area_id`,`area_name`,`is_necessary`,`detail_address`,`plan_id`) values (106143523885712,97310237100091,'中控室—6S',1,'鸥鹏K城',1,'二楼中控室',106143519610216);

/*Table structure for table `wy_inspection_plan` */

DROP TABLE IF EXISTS `wy_inspection_plan`;

CREATE TABLE `wy_inspection_plan` (
  `plan_id` bigint(20) NOT NULL COMMENT 'id',
  `plan_title` varchar(256) DEFAULT NULL COMMENT '计划名称',
  `template_id` bigint(20) DEFAULT NULL COMMENT '考核模板id',
  `finish_rate` double(5,2) DEFAULT NULL COMMENT '抽检项完成率',
  `area_range` varchar(500) DEFAULT NULL COMMENT '执行范围',
  `gen_type` int(2) DEFAULT NULL COMMENT '生成类型\r\n 0临时 1周期',
  `plan_cycle` int(5) DEFAULT NULL COMMENT '周期',
  `deadline` int(5) DEFAULT NULL COMMENT '期限',
  `first_date` datetime DEFAULT NULL COMMENT '初次生效日期',
  `next_date` datetime DEFAULT NULL COMMENT '下次生效日期',
  `creator_id` bigint(20) DEFAULT NULL COMMENT '创建人id',
  `creator_name` varchar(50) DEFAULT NULL COMMENT '创建人姓名',
  `create_time` datetime DEFAULT NULL COMMENT '创建日期',
  PRIMARY KEY (`plan_id`)
) ENGINE=InnoDB DEFAULT CHARSET=utf8;

/*Data for the table `wy_inspection_plan` */

insert  into `wy_inspection_plan`(`plan_id`,`plan_title`,`template_id`,`finish_rate`,`area_range`,`gen_type`,`plan_cycle`,`deadline`,`first_date`,`next_date`,`creator_id`,`creator_name`,`create_time`) values (106143519610216,'品质巡查-片区安全',106124834314136,10.00,'1',0,0,1,'2018-09-26 13:28:54','2018-09-26 13:28:54',9189555101480,'徐文卓','2018-09-26 13:26:04');

/*Table structure for table `wy_inspection_rectify` */

DROP TABLE IF EXISTS `wy_inspection_rectify`;

CREATE TABLE `wy_inspection_rectify` (
  `rectify_id` bigint(20) NOT NULL COMMENT 'id',
  `rectify_no` varchar(128) DEFAULT NULL COMMENT '整改任务单号',
  `task_id` bigint(20) DEFAULT NULL COMMENT '任务id',
  `task_no` varchar(128) DEFAULT NULL COMMENT '任务单号',
  `type_id` bigint(20) DEFAULT NULL COMMENT '考核类型id',
  `type_name` varchar(128) DEFAULT NULL COMMENT '考核类型名称',
  `detail_id` bigint(20) DEFAULT NULL COMMENT '标准详情id',
  `st_id` bigint(20) DEFAULT NULL COMMENT '标准id',
  `st_no` varchar(128) DEFAULT NULL COMMENT '标准代码',
  `st_content` varchar(1024) DEFAULT NULL COMMENT '考核内容',
  `st_info` varchar(1024) DEFAULT NULL COMMENT '考核说明',
  `gen_time` datetime DEFAULT NULL COMMENT '生成时间',
  `end_time` datetime DEFAULT NULL COMMENT '截止时间',
  `commit_time` datetime DEFAULT NULL COMMENT '提交时间',
  `status` int(2) DEFAULT NULL COMMENT '任务状态 1待整改 2待审核 3已完成',
  `is_overdue` int(2) DEFAULT '1' COMMENT '是否逾期  0逾期 1未逾期',
  `area_id` bigint(20) DEFAULT NULL COMMENT '小区id',
  `area_name` varchar(50) DEFAULT NULL COMMENT '小区名称',
  `charger_id` bigint(20) DEFAULT NULL COMMENT '负责人id',
  `charger_name` varchar(20) DEFAULT NULL COMMENT '负责人姓名',
  `charger_phone` varchar(20) DEFAULT NULL COMMENT '负责人电话',
  `dealer_id` bigint(20) DEFAULT NULL COMMENT '处理人id',
  `dealer_name` varchar(20) DEFAULT NULL COMMENT '处理人姓名',
  `dealer_phone` varchar(20) DEFAULT NULL COMMENT '处理人电话',
  `follower_id` bigint(20) DEFAULT NULL COMMENT '审核人id',
  `follower_name` varchar(20) DEFAULT NULL COMMENT '审核人姓名',
  `follower_phone` varchar(20) DEFAULT NULL COMMENT '审核人电话',
  `rectify_reason` varchar(1024) DEFAULT NULL COMMENT '整改原因',
  `rectify_measure` varchar(1024) DEFAULT NULL COMMENT '整改措施',
  `img_before` varchar(500) DEFAULT NULL COMMENT '整改前图片',
  `img_after` varchar(500) DEFAULT NULL COMMENT '整改后图片',
  `rectify_address` varchar(200) DEFAULT NULL COMMENT '详细地址',
  `review_note` int(2) DEFAULT '-1' COMMENT '审核结论 0合格 1不合格 -1 未审核',
  `review_img` varchar(500) DEFAULT NULL COMMENT '审核照片',
  `review_info` varchar(1024) DEFAULT NULL COMMENT '审核文字说明',
  PRIMARY KEY (`rectify_id`)
) ENGINE=InnoDB DEFAULT CHARSET=utf8;

/*Data for the table `wy_inspection_rectify` */

insert  into `wy_inspection_rectify`(`rectify_id`,`rectify_no`,`task_id`,`task_no`,`type_id`,`type_name`,`detail_id`,`st_id`,`st_no`,`st_content`,`st_info`,`gen_time`,`end_time`,`commit_time`,`status`,`is_overdue`,`area_id`,`area_name`,`charger_id`,`charger_name`,`charger_phone`,`dealer_id`,`dealer_name`,`dealer_phone`,`follower_id`,`follower_name`,`follower_phone`,`rectify_reason`,`rectify_measure`,`img_before`,`img_after`,`rectify_address`,`review_note`,`review_img`,`review_info`) values (106143523885352,'523885352',106143519611072,'519611072',97310236369264,'安全类',106143519611104,97310237100091,'中控室—6S','岗亭/岗位6S','1.监控室内干净、整齐、无乱堆乱放；\n2.文件柜（夹）有统一标识，且标识清晰、无破损现象，所用文件资料更新及时并有效。','2018-09-26 13:34:58','2018-09-28 00:00:00','2018-09-26 13:36:58',3,1,1,'鸥鹏K城',9189555100783,'邹斌','13330294133',9189555101480,'徐文卓','13648320079',9189555101480,'徐文卓','13648320079','考核不合格，门未关闭','整改完成','FjrgRU8wziQUtLmd-c3cS82atTJx,','Fmj-XNu8gqrarqOtNMeU7u8uhM0O,','二楼中控室',0,NULL,NULL);

/*Table structure for table `wy_inspection_rule` */

DROP TABLE IF EXISTS `wy_inspection_rule`;

CREATE TABLE `wy_inspection_rule` (
  `id` int(2) NOT NULL COMMENT 'id',
  `charge_role_id_task` bigint(20) DEFAULT NULL COMMENT '主任务责任人职务id',
  `charge_role_name_task` varchar(50) DEFAULT NULL COMMENT '主任务责任人职务名称',
  `deal_role_id_task` bigint(20) DEFAULT NULL COMMENT '主任务处理人职务id',
  `deal_role_name_task` varchar(50) DEFAULT NULL COMMENT '主任务处理人职务名称',
  `charge_role_id_rectify` bigint(20) DEFAULT NULL COMMENT '整改责任人职务id',
  `charge_role_name_rectify` varchar(50) DEFAULT NULL COMMENT '整改责任人职务名称',
  `deal_role_id_rectify` bigint(20) DEFAULT NULL COMMENT '整改处理人职务id',
  `deal_role_name_rectify` varchar(50) DEFAULT NULL COMMENT '整改处理人职务名称',
  PRIMARY KEY (`id`)
) ENGINE=InnoDB DEFAULT CHARSET=utf8;

/*Data for the table `wy_inspection_rule` */

insert  into `wy_inspection_rule`(`id`,`charge_role_id_task`,`charge_role_name_task`,`deal_role_id_task`,`deal_role_name_task`,`charge_role_id_rectify`,`charge_role_name_rectify`,`deal_role_id_rectify`,`deal_role_name_rectify`) values (1,9351874425928,'计划运营负责人',9351895248992,'弱电工程师',2260936848557226,'项目经理',2260936848557226,'项目经理');

/*Table structure for table `wy_inspection_standard` */

DROP TABLE IF EXISTS `wy_inspection_standard`;

CREATE TABLE `wy_inspection_standard` (
  `st_id` bigint(20) NOT NULL COMMENT 'id',
  `st_no` varchar(256) DEFAULT NULL COMMENT '标准代码',
  `type_id` bigint(20) DEFAULT NULL COMMENT '隶属类型id',
  `type_name` varchar(50) DEFAULT NULL COMMENT '隶属类型名称',
  `st_content` varchar(1024) DEFAULT NULL COMMENT '考核内容',
  `st_info` varchar(1024) DEFAULT NULL COMMENT '标准说明',
  `st_value` int(5) DEFAULT NULL COMMENT '不合格扣分值',
  `status` int(2) DEFAULT NULL COMMENT '状态 0禁用 1启用',
  `st_range` varchar(500) DEFAULT NULL COMMENT '使用小区范围(多选)',
  `st_note` varchar(1024) DEFAULT NULL COMMENT '备注',
  PRIMARY KEY (`st_id`)
) ENGINE=InnoDB DEFAULT CHARSET=utf8;

/*Data for the table `wy_inspection_standard` */

insert  into `wy_inspection_standard`(`st_id`,`st_no`,`type_id`,`type_name`,`st_content`,`st_info`,`st_value`,`status`,`st_range`,`st_note`) values (97310237100000,'工作手册-工作指引',97310236466112,'绿化类','抽问部门负责人一个工作指引','关键词无误',10,1,'住宅项目,商业项目,学校项目,前期项目',NULL),(97310237100001,'服务规范-BI规范',97310236466112,'绿化类','检查在岗人员仪容仪貌、礼仪礼节、方向指引动作','精神饱满，言语规范，着工装，主动问好，方向指引动作规范',10,1,'住宅项目,商业项目,学校项目,前期项目',NULL),(97310237100002,'现场标准-乔木养护',97310236466112,'绿化类','检查乔木生长情况，病虫害防治、修剪、支撑固定、有无机械损伤、死树枯枝清理、古树名木养护','无机械掉皮损伤，无病虫害，乔木修剪有警戒标识，行道树下缘枝高于2.5m，不阻挡视线，倾斜植物有支撑固定，古树名木有铭牌',10,1,'住宅项目,商业项目,学校项目,前期项目',NULL),(97310237100003,'现场标准-庭院养护',97310236466112,'绿化类','检查庭院植被养护情况','无死树、枯枝、缺株现象及无踩踏现象等',10,1,'住宅项目,商业项目,学校项目,前期项目',NULL),(97310237100004,'现场标准-灌木养护',97310236466112,'绿化类','抽查灌木生长情况，补栽补种、病虫害防治、整形修剪、无缺株、串株死苗、杂草，标识使用正确、抗旱防冻','补栽补种因地适宜、无缺死株、串株现象，无病虫害、带状灌木横平竖直，线条流畅，灌木与灌木带界限2-3cm，球状灌木饱满，更新、翻种，长势不好灌木有标识，灌木带内无杂草，根据气温和植物特性进行抗旱防冻',10,1,'住宅项目,商业项目,学校项目,前期项目',NULL),(97310237100005,'现场标准-草坪养护',97310236466112,'绿化类','检查草坪修剪、切边、杂草、补栽补种、绿化带清洁、标识','草坪高度保持在5-8cm以内，冬季高度在10-15cm以内，100㎡内不超过0.5㎡裸地，线条流畅清晰，无杂物杂草，无裸土，补栽补种符合要求，标识准确，新植草坪需设防护装置',10,1,'住宅项目,商业项目,学校项目,前期项目',NULL),(97310237100006,'现场标准-水生植物养护',97310236466112,'绿化类','检查水生植物日常生长情况、病虫害防治','无枯叶、死株，无倾倒吹翻现象，无病虫害',10,1,'住宅项目,商业项目,学校项目,前期项目',NULL),(97310237100007,'现场标准-垂直绿化养护',97310236466112,'绿化类','检查植物生长情况及覆盖率','生长旺盛，修剪整齐，不影响通行、红外监控等设施设备的正常运作，生长期覆盖率在95%以上',10,1,'住宅项目,商业项目,学校项目,前期项目',NULL),(97310237100008,'现场标准-室内绿化养护',97310236466112,'绿化类','检查室内盆栽生长情况，病虫害，容器清洁','植物生长旺盛，无病虫害，无干枯枝，叶面光亮洁净无灰尘，花盆、托盆干净无泥沙，杂物',10,1,'住宅项目,商业项目,学校项目,前期项目',NULL),(97310237100009,'工作记录-日常养护记录',97310236466112,'绿化类','检查植物养护记录本、日常巡检、乔木清单目录及更新状态、施药施肥、病虫害防治记录(必检）','记录齐全、完整，处理及时，填写清晰规范，乔木清单有目录，每月更新',10,1,'住宅项目,商业项目,学校项目,前期项目',NULL),(97310237100010,'服务规范-在岗人员',97310236547784,'环境类','在岗人员头发发套盘好、着工装、讲普通话、黑色鞋子、公区工作警示情况','有一项未达成，扣10分',10,1,'住宅项目,商业项目,学校项目,前期项目',NULL),(97310237100011,'办公环境-办公室',97310236547784,'环境类','办公室（工作间）内干净、整齐、无乱堆乱放，桌面上文件摆放整洁','有一项未达成，扣10分',10,1,'住宅项目,商业项目,学校项目,前期项目',NULL),(97310237100012,'文件管理-档案及日检记录',97310236547784,'环境类','品质日检记录齐全，派工单情况、档案管理情况','有一项未达成，扣10分',10,1,'住宅项目,商业项目,学校项目,前期项目',NULL),(97310237100013,'重点检查项-大堂',97310236547784,'环境类','天、地、墙情况、垃圾桶、烟灰缸、设施设备、玻璃、警示标示','有一项未达成，扣10分',10,1,'住宅项目,商业项目,学校项目,前期项目',NULL),(97310237100014,'重点检查项-楼层',97310236547784,'环境类','天、地、墙情况、垃圾桶、设施设备、玻璃、警示标示','有一项未达成，扣10分',10,1,'住宅项目,商业项目,学校项目,前期项目',NULL),(97310237100015,'重点检查项-电梯轿厢',97310236547784,'环境类','天、地、墙情况、不锈钢的保养情况','有一项未达成，扣10分',10,1,'住宅项目,商业项目,学校项目,前期项目',NULL),(97310237100016,'重点检查项-洗手间',97310236547784,'环境类','天、地、墙情况、垃圾桶、台面、面盆、玻璃、镜面、警示标示、卫生间异味、纸巾更换情况','有一项未达成，扣10分',10,1,'住宅项目,商业项目,学校项目,前期项目',NULL),(97310237100017,'重点检查项-车库',97310236547784,'环境类','天、地、墙情况、垃圾桶、设施设备、警示标示','有一项未达成，扣10分',10,1,'住宅项目,商业项目,学校项目,前期项目',NULL),(97310237100018,'重点检查项-室外公区区域',97310236547784,'环境类','道路、地面情况、垃圾桶情况、积水（雪）处理情况、','有一项未达成，扣10分',10,1,'住宅项目,商业项目,学校项目,前期项目',NULL),(97310237100019,'重点检查项-生活垃圾(建筑垃圾）',97310236547784,'环境类','垃圾袋的情况、电梯使用情况、日常日清、清运时段、垃圾房情况','有一项未达成，扣10分',10,1,'住宅项目,商业项目,学校项目,前期项目',NULL),(97310237100020,'重点检查项-水景',97310236547784,'环境类','水质情况、漂浮物、警示标示、水景石材情况','有一项未达成，扣10分',10,1,'住宅项目,商业项目,学校项目,前期项目',NULL),(97310237100021,'重点检查项-外包单位的管控',97310236547784,'环境类','外包单位工作记录、人员管控、考勤情况','有一项未达成，扣10分',10,1,'住宅项目,商业项目,学校项目,前期项目',NULL),(97310237100022,'设施设备-保洁机具、物料',97310236547784,'环境类','保洁类设施设备的保养及使用情况、药剂管理情况、物料的规范摆放情况','有一项未达成，扣10分',10,1,'住宅项目,商业项目,学校项目,前期项目',NULL),(97310237100023,'抽查项-天台、外墙',97310236547784,'环境类','天台地面情况、天台排水沟情况、低位外墙情况','有一项未达成，扣10分',10,1,'住宅项目,商业项目,学校项目,前期项目',NULL),(97310237100024,'抽查项-有害生物防治',97310236547784,'环境类','有害生物防治的告示及警示提示、作业人员的防护措施情况','有一项未达成，扣10分',10,1,'住宅项目,商业项目,学校项目,前期项目',NULL),(97310237100025,'抽查项-员工培训',97310236547784,'环境类','早晚会情况、周期性培训情况及员工培训效果抽查','有一项未达成，扣10分',10,1,'住宅项目,商业项目,学校项目,前期项目',NULL),(97310237100026,'工作手册-工作指引',97310236286800,'客服类','根据项目手册抽问部门负责人一个工作指引、工作手册的培训记录','有一项未达成，扣10分',10,1,'住宅项目,商业项目,学校项目,前期项目',NULL),(97310237100027,'服务规范-形象检查',97310236286800,'客服类','在岗人员精神饱满，淡妆、使用语言规范（普通话）、着工装','有一项未达成，扣10分',10,1,'住宅项目,商业项目,学校项目,前期项目',NULL),(97310237100028,'办公环境—办公室',97310236286800,'客服类','前台物品整洁，设置温馨、办公室内干净、整齐、无乱堆乱放','有一项未达成，扣10分',10,1,'住宅项目,商业项目,学校项目,前期项目',NULL),(97310237100029,'办公环境—桌面整洁',97310236286800,'客服类','桌面上文件摆放整洁、无个人饰物放置在办公桌面','有一项未达成，扣10分',10,1,'住宅项目,商业项目,学校项目,前期项目',NULL),(97310237100030,'客户档案-文件柜（夹）',97310236286800,'客服类','文件柜（夹）有统一标识，且标识清晰、无破损现象','有一项未达成，扣10分',10,1,'住宅项目,商业项目,学校项目,前期项目',NULL),(97310237100031,'客户档案-业主档案',97310236286800,'客服类','业主档案资料完整，齐全、标识清晰现场存放规范','有一项未达成，扣10分',10,1,'住宅项目,商业项目,学校项目,前期项目',NULL),(97310237100032,'客户档案-业主档案更新',97310236286800,'客服类','业主档案更新及时，有电子档案，每周与销售中心进行一次业主资料移交，移交必须有书面的移交清单，清点无误双方签字确认（前期项目）','有一项未达成，扣10分',10,1,'住宅项目,商业项目,学校项目,前期项目',NULL),(97310237100033,'客户管理-重点客户明细表',97310236286800,'客服类','项目有《重点客户明细表》，并按照要求每月更新','有一项未达成，扣10分',10,1,'住宅项目,商业项目,学校项目,前期项目',NULL),(97310237100034,'客户管理-重点业主',97310236286800,'客服类','每月与重点业主/关键客户的正式沟通应至少一次，每月与关键客户的沟通应至少一次','有一项未达成，扣10分',10,1,'住宅项目,商业项目,学校项目,前期项目',NULL),(97310237100035,'客户管理-业主访谈计划',97310236286800,'客服类','有月度业主访谈计划，管家按计划对业主进行访谈，月度业主访谈覆盖率10%，并做好业主访谈记录','有一项未达成，扣10分',10,1,'住宅项目,商业项目,学校项目,前期项目',NULL),(97310237100036,'信息管理-公告栏有效期',97310236286800,'客服类','物业服务中心对外公示的通知、通告张贴规范，并保证在有效期内','有一项未达成，扣10分',10,1,'住宅项目,商业项目,学校项目,前期项目',NULL),(97310237100037,'信息管理-公告栏电话公示',97310236286800,'客服类','在公示栏公示400服务电话、服务中心经理、管家、片区投诉电话','有一项未达成，扣10分',10,1,'住宅项目,商业项目,学校项目,前期项目',NULL),(97310237100038,'信息管理-公告栏完好',97310236286800,'客服类','公告栏无破损、无小广告，无灰尘','有一项未达成，扣10分',10,1,'住宅项目,商业项目,学校项目,前期项目',NULL),(97310237100039,'工作记录-巡楼情况',97310236286800,'客服类','巡楼记录本记录完整、巡楼有巡查情况及处理结果、每日有空置房巡查记录（至少抽查2个片区管家的巡查记录）','有一项未达成，扣10分',10,1,'住宅项目,商业项目,学校项目,前期项目',NULL),(97310237100040,'工作记录-报事报修记录',97310236286800,'客服类','所有报事投诉都应有书面记录，有完整的业主报事报修记录。','有一项未达成，扣10分',10,1,'住宅项目,商业项目,学校项目,前期项目',NULL),(97310237100041,'工作记录-投诉处理',97310236286800,'客服类','投诉应快速处理，投诉处理及时率应达到100%、未完事项有跟进记录，有投诉处理跟进表、改进计纠正预防措施，投诉处理过程及沟通记录完整。','有一项未达成，扣10分',10,1,'住宅项目,商业项目,学校项目,前期项目',NULL),(97310237100042,'工作记录-客户回访',97310236286800,'客服类','客户回访及时，报修处理及时率应达到100%','有一项未达成，扣10分',10,1,'住宅项目,商业项目,学校项目,前期项目',NULL),(97310237100043,'工作记录-重点工作',97310236286800,'客服类','各物业服务中心至少每月1次，将项目完成主要工作及下月重点工作，以《物业服务简报》形式向业主公布','有一项未达成，扣10分',10,1,'住宅项目,商业项目,学校项目,前期项目',NULL),(97310237100044,'工作记录-空置房管理',97310236286800,'客服类','物业服务中心有住宅与商铺空置房清单，每月填写空置房户内巡查记录，确保空置房内的地面、门、窗、玻璃、栏杆、配电箱等干净整洁、房内无蜘蛛网；空置房内设施设备完好；水电保持在关闭状态，每月抄录空置房水电气表读数（至少抽查5户，非同一栋楼）','有一项未达成，扣10分',10,1,'住宅项目,商业项目,学校项目,前期项目',NULL),(97310237100045,'工作记录-品质日检',97310236286800,'客服类','品质日检记录齐全，问题处理及时','有一项未达成，扣10分',10,1,'住宅项目,商业项目,学校项目,前期项目',NULL),(97310237100046,'工作记录-夜间值班',97310236286800,'客服类','有夜间值班经理排班表，并按排班表开展夜间巡查工作，在要求的巡查时间（0-6）内有重点岗位签到记录','有一项未达成，扣10分',10,1,'住宅项目,商业项目,学校项目,前期项目',NULL),(97310237100047,'工作记录-未完成报事',97310236286800,'客服类','当天未完成报事必须转协调单，并将跟进记录填写在乐天系统内，未完成报事状态不得改为完成。','有一项未达成，扣10分',10,1,'住宅项目,商业项目,学校项目,前期项目',NULL),(97310237100048,'装修管理-装修汇总表',97310236286800,'客服类','各项目应有装修汇总表','有一项未达成，扣10分',10,1,'住宅项目,商业项目,学校项目,前期项目',NULL),(97310237100049,'装修管理-装修巡查',97310236286800,'客服类','每日管家、安全、工程对装修进行巡查，并做好巡查记录','有一项未达成，扣10分',10,1,'住宅项目,商业项目,学校项目,前期项目',NULL),(97310237100050,'装修管理-违规装修',97310236286800,'客服类','对违规装修户有相应的违章整改通知书及跟进记录','有一项未达成，扣10分',10,1,'住宅项目,商业项目,学校项目,前期项目',NULL),(97310237100051,'业主财产管理-代收代存物品',97310236286800,'客服类','代收代存物品、邮件物品堆放有序','有一项未达成，扣10分',10,1,'住宅项目,商业项目,学校项目,前期项目',NULL),(97310237100052,'业主财产管理-物品登记',97310236286800,'客服类','收发物品记录登记准确，妥善保管，领回记录清晰','有一项未达成，扣10分',10,1,'住宅项目,商业项目,学校项目,前期项目',NULL),(97310237100053,'业主财产管理-整洁美观',97310236286800,'客服类','无违法违章装修、乱搭建、乱悬挂、乱张贴广告、霓虹灯、招牌整洁统一美观、无安全隐患或破损等','有一项未达成，扣10分',10,1,'住宅项目,商业项目,学校项目,前期项目',NULL),(97310237100054,'商铺管理-商铺管理',97310236286800,'客服类','铺面整齐，无违章摆卖，无乱扔垃圾，无非机动车乱停乱放','有一项未达成，扣10分',10,1,'住宅项目,商业项目,学校项目,前期项目',NULL),(97310237100055,'售场管理（前期)-接待',97310236286800,'客服类','客人进入示范区３分钟内必须将水送到位，客人离开2分钟内将水杯收回','有一项未达成，扣10分',10,1,'前期项目',NULL),(97310237100056,'售场管理（前期)-保洁',97310236286800,'客服类','售场保洁必须佩戴白手套','有一项未达成，扣10分',10,1,'前期项目',NULL),(97310237100057,'售场管理（前期)-吧台',97310236286800,'客服类','吧台只能一人在岗，不得在岗上吃东西，不得玩手机，吧台确保干净整洁，服务主动热情','有一项未达成，扣10分',10,1,'前期项目',NULL),(97310237100058,'样板间管理（前期)-售场',97310236286800,'客服类','项目各部门管理人员每天对售场进行巡查并做好签到','有一项未达成，扣10分',10,1,'前期项目',NULL),(97310237100059,'样板间管理（前期)-交接表',97310236286800,'客服类','有《样板间工作交接表》，相关注意事项（客流量统计、工程维修、当日未完成事项）、工作交接清晰无误','有一项未达成，扣10分',10,1,'前期项目',NULL),(97310237100060,'样板间管理（前期)-物品管理',97310236286800,'客服类','样板间物品每日清点，实物与清单数据相符，异常情况及时上报，并有记录','有一项未达成，扣10分',10,1,'前期项目',NULL),(97310237100061,'样板间管理（前期)-讲解',97310236286800,'客服类','礼貌接待所有参观客户，并按《样板间解说词》为参观客户提供讲解服务','有一项未达成，扣10分',10,1,'前期项目',NULL),(97310237100062,'重点检查项-配电房',97310236145096,'工程类','配电房内清洁状态、档案记录、防小动物措施、各仪表显示情况、功率因素、补偿电容、标示系统、开关状态、应急照明，灭火器、干湿温度计、设备运行状态、通风系统、直流屏情况、降温系统','发现一项问题，按问题性质扣0-10分',10,1,'住宅项目,商业项目,学校项目,前期项目',NULL),(97310237100063,'重点检查项-消防水泵房',97310236145096,'工程类','消防水泵房内清洁状态、档案记录、防小动物措施、各仪表显示情况、水泵盘车状态、联动信号、模拟启动、排水措施、渗水情况、应急照明，灭火器、干湿温度计、设备运行状态、通风系统、配电柜状态、锈蚀情况','发现一项问题，按问题性质扣0-10分',10,1,'住宅项目,商业项目,学校项目,前期项目',NULL),(97310237100064,'重点检查项-消防中控室',97310236145096,'工程类','消防中控室各监控点位情况、消防主机报警情况、录像保存时间、应急照明，灭火器、干湿温度计、设备运行状态、末端配电箱、设备清洁、降温设备、防小动物措施','发现一项问题，按问题性质扣0-10分',10,1,'住宅项目,商业项目,学校项目,前期项目',NULL),(97310237100065,'重点检查项-发电机房',97310236145096,'工程类','发电机房清洁状态、柴油油料、运行测试记录、机油油位、冷却液液位、机房排风、应急照明，灭火器、干湿温度计、设备运行状态、电瓶情况、配电屏情况、防小动物措施','发现一项问题，按问题性质扣0-10分',10,1,'住宅项目,商业项目,学校项目,前期项目',NULL),(97310237100066,'重点检查项-生活水泵房',97310236145096,'工程类','生活水泵房清洁状态、档案资料、各仪表显示情况、应急照明，灭火器、干湿温度计、设备运行情况、漏水情况、配电柜、通风系统、防小动物措施','发现一项问题，按问题性质扣0-10分',10,1,'住宅项目,商业项目,学校项目,前期项目',NULL),(97310237100067,'抽查项-车库排水',97310236145096,'工程类','车库排水设施运行情况、配电箱情况、坑内情况、漏水情况、手动自动情况、锈蚀情况、阀体运行情况','发现一项问题，按问题性质扣0-10分',10,1,'住宅项目,商业项目,学校项目,前期项目',NULL),(97310237100068,'抽查项-电梯机房',97310236145096,'工程类','电梯机房设备运行情况、档案资料、轿顶、轿底清洁状态、乘坐感受、通风系统、机房降温系统、漏水情况、安全配件、干湿温度计','发现一项问题，按问题性质扣0-10分',10,1,'住宅项目,商业项目,学校项目,前期项目',NULL),(97310237100069,'抽查项-配电箱柜',97310236145096,'工程类','二级、三级配电箱柜逻辑系统、柜体内清洁情况、接线规范、显示及操作情况、锁闭情况、锈蚀情况','发现一项问题，按问题性质扣0-10分',10,1,'住宅项目,商业项目,学校项目,前期项目',NULL),(97310237100070,'抽查项-公共区域',97310236145096,'工程类','电梯前室、楼道、车库照明完好率、、楼道公区墙砖脱落情况、景观石材铺贴情况、景观照明开关时间、灯具锈蚀及损坏情况、配电箱情况','发现一项问题，按问题性质扣0-10分',10,1,'住宅项目,商业项目,学校项目,前期项目',NULL),(97310237100071,'抽查项-前介工作',97310236145096,'工程类','档案管理情况、前介周报、月报、分户验收档案、监理例会资料、函件、重项问题照片','发现一项问题，按问题性质扣0-10分',10,1,'住宅项目,商业项目,学校项目,前期项目',NULL),(97310237100072,'服务规范-在岗人员',97310236145096,'工程类','在岗人员边幅修整情况、着工装、讲普通话、穿皮鞋、公区工作警示情况、工具使用情况','发现一项问题，按问题性质扣0-10分',10,1,'住宅项目,商业项目,学校项目,前期项目',NULL),(97310237100073,'办公环境-办公室',97310236145096,'工程类','办公室（工作间）内干净、整齐、无乱堆乱放，桌面上文件摆放整洁','发现一项问题，按问题性质扣0-10分',10,1,'住宅项目,商业项目,学校项目,前期项目',NULL),(97310237100074,'办公环境-档案管理',97310236145096,'工程类','品质日检记录齐全，问题关闭情况、派工单情况、项目安全隐患排查情况设备运行档案、各种表格、文件柜（夹）有统一标识，且标识清晰、无破损现象','发现一项问题，按问题性质扣0-10分',10,1,'住宅项目,商业项目,学校项目,前期项目',NULL),(97310237100075,'设施设备-水景设备',97310236145096,'工程类','水景设备运行正常、运行时间公告牌、配电柜情况、渗漏情况、水体石材铺贴情况','发现一项问题，按问题性质扣0-10分',10,1,'住宅项目,商业项目,学校项目,前期项目',NULL),(97310237100076,'系统联动',97310236145096,'工程类','消防系统联动运行情况、风机手动自动切换情况、防火卷帘门运行情况、末端水压验证情况、背景音乐、道闸、翼闸、门禁系统','发现一项问题，按问题性质扣0-10分',10,1,'住宅项目,商业项目,学校项目,前期项目',NULL),(97310237100077,'管理者例行事务执行-项目',97310236369264,'安全类','根据项目安全班长例行事务执行情况检查','1.内容执行无缺项；\n2.完成时间不超时；\n3.完成频次不缺量；\n4.完成质量能达标。',10,1,'住宅项目,商业项目,学校项目,前期项目',NULL),(97310237100078,'管理者例行事务执行-片区',97310236369264,'安全类','1.根据项目安全主管例行事务执行情况检查\n2.根据项目安全班长例行事务执行情况检查','1.内容执行无缺项；\n2.完成时间不超时；\n3.完成频次不缺量；\n4.完成质量能达标。',10,1,'住宅项目,商业项目,学校项目,前期项目',NULL),(97310237100079,'服务规范—基本服务礼仪',97310236369264,'安全类','岗位基本服务礼仪','1.工作期间着工装、戴工号牌；\n2.男生不染发，头发前不及眉，侧不掩耳、后不触；女生发不过肩，超过肩需要盘起来；\n3.男生不留八字须、三羊须、络腮胡；\n4.站坐行敬礼动作标准，接递物品使用双手，多微笑、主动问候打招呼，使用十字文明用语、其它服务行为符合基本服务礼仪要求；',10,1,'住宅项目,商业项目,学校项目,前期项目',NULL),(97310237100080,'工作手册-工作指引',97310236369264,'安全类','1.项目安全班长对工作指引的掌握\n2.工作手册培训记录','1.抽考工作指引一条；\n2.关键词表述无错误；\n3.工作手册培训有记录。',10,1,'住宅项目,商业项目,学校项目,前期项目',NULL),(97310237100082,'办公环境—6S',97310236369264,'安全类','岗亭/岗位6S','办公室（岗亭）内干净、整齐、无乱堆乱放；',10,1,'住宅项目,商业项目,学校项目,前期项目',NULL),(97310237100083,'办公环境—VI',97310236369264,'安全类','岗位VI标识','文件柜（夹）有统一标识，且标识清晰、无破损现象，所用文件资料更新及时并有效。',10,1,'住宅项目,商业项目,学校项目,前期项目',NULL),(97310237100084,'门岗—人行岗-业主管控',97310236369264,'安全类','1.认识业主的管控\n2.不认识业主的管控','1.对认识的业主有敬礼或微笑、点头、问候；\n2.对于不认识的业主有提醒刷门禁卡。',10,1,'住宅项目,商业项目,学校项目,前期项目',NULL),(97310237100085,'门岗—人行岗-来访人员管控',97310236369264,'安全类','1.来访人员找业主\n2.来访人员找员工','1.来访管控流程不缺项：询问-核实-登记-放行\n2.来访管控感受无不良：如语言粗俗、态度粗暴',10,1,'住宅项目,商业项目,学校项目,前期项目',NULL),(97310237100086,'门岗—人行岗-物品管控',97310236369264,'安全类','1.业主携物品外出\n2.员工携物品外出\n3.工人携物品外出','1.大宗物品外出放行前须验收《出门条》并登记\n2.登记时需要凭有效证件',10,1,'住宅项目,商业项目,学校项目,前期项目',NULL),(97310237100087,'门岗—车行岗-执勤动作',97310236369264,'安全类','1.业主开车进出小区\n2.重要客户开车进出小区\n3.参观车队进出小区','1.车辆指挥须按交通手势标准\n2.重点客户车牌必须记住\n3.重点客户姓名必须记住',10,1,'住宅项目,商业项目,学校项目,前期项目',NULL),(97310237100088,'门岗—车行岗-收费',97310236369264,'安全类','1.临时停车收费标准\n2.临时收费票据管理','1.收费标准需要记住\n2.收费时钱票应一致\n3.废票、弃票需入箱\n4.未收费车辆有登记',10,1,'住宅项目,商业项目,学校项目,前期项目',NULL),(97310237100089,'门岗—车行岗-临时车辆',97310236369264,'安全类','1.临时来访车辆进出小区','1.车辆指挥须按交通手势标准\n2.临时车辆管控不缺项：询问-核实-登记-放行',10,1,'住宅项目,商业项目,学校项目,前期项目',NULL),(97310237100090,'中控室—监控设备',97310236369264,'安全类','1.设备运行\n2.设备操作\n3.故障记录','1.设备完好，设备故障有记录、有报事\n2.会视频切换、回放；会手动自动切换；会消音旁路复位；会使用消防广播。',10,1,'住宅项目,商业项目,学校项目,前期项目',NULL),(97310237100091,'中控室—6S',97310236369264,'安全类','岗亭/岗位6S','1.监控室内干净、整齐、无乱堆乱放；\n2.文件柜（夹）有统一标识，且标识清晰、无破损现象，所用文件资料更新及时并有效。',10,1,'住宅项目,商业项目,学校项目,前期项目',NULL),(97310237100092,'中控室—人员出入',97310236369264,'安全类','1.内部管理人员进出\n2.维保单位人员进出\n3.其它人员进出','1.所有人员进出监控中心需要进行登记\n2.维保单位进出需要安全主管陪同或同意\n3.其它人员进出中控室需主管陪同或同意',10,1,'住宅项目,商业项目,学校项目,前期项目',NULL),(97310237100093,'中控室—钥匙管理',97310236369264,'安全类','1.公共区域钥匙\n2.岗位备用钥匙','1.钥匙名称有标志\n2.钥匙存放有专柜\n3.钥匙管理有制度',10,1,'住宅项目,商业项目,学校项目,前期项目',NULL),(97310237100094,'巡逻岗—质量记录',97310236369264,'安全类','1.巡检记录\n2.签到记录','1.记录须完整\n2.记录字迹工整',10,1,'住宅项目,商业项目,学校项目,前期项目',NULL),(97310237100095,'巡逻岗—公共区域',97310236369264,'安全类','1.公区设施设备\n2.公区消防通道','1.公区设施设备损坏有报事\n2.公共区域通道畅通，没有车辆乱停、物品乱堆放',10,1,'住宅项目,商业项目,学校项目,前期项目',NULL),(97310237100096,'巡逻岗—装修现场',97310236369264,'安全类','1.装修许可\n2.装修证件\n3.装修行为','1.装修前需要经过许可，有装修许可证\n2.装修工人出入有证件\n3.装修过程中无破坏主体、功能、破坏外观统一、美观的行为\n4.每日装修须清场，无留宿人员',10,1,'住宅项目,商业项目,学校项目,前期项目',NULL),(97310237100097,'巡逻岗—安防、消防',97310236369264,'安全类','1.安防设施设备巡查\n2.消防设施设备巡查','1.所有安防、消防设施设备有台帐记录\n2.设施设备故障有报事及记录',10,1,'住宅项目,商业项目,学校项目,前期项目',NULL),(97310237100098,'内务管理—6S',97310236369264,'安全类','宿舍6S','1.床架、物品摆放须整齐；\n2.衣服及其他生活用品须存入指定的地方或柜内，床头不准晾挂衣物，无乱摆放现象；\n3.宿舍内有卫生、值日安排表及相关管理制度',10,1,'住宅项目,商业项目,学校项目,前期项目',NULL),(97310237100099,'工作记录—值班记录',97310236369264,'安全类','质量记录','1.内容完整\n2.字迹工整\n3.交接签字',10,1,'住宅项目,商业项目,学校项目,前期项目',NULL),(97310237100100,'工作记录—设备运行',97310236369264,'安全类','质量记录','1.内容完整\n2.字迹工整\n3.交接签字',10,1,'住宅项目,商业项目,学校项目,前期项目',NULL),(97310237100101,'工作记录—交接',97310236369264,'安全类','质量记录','1.内容完整\n2.字迹工整\n3.交接签字',10,1,'住宅项目,商业项目,学校项目,前期项目',NULL),(97310237100102,'工作记录—夜间值班经理督勤',97310236369264,'安全类','质量记录','1.内容完整\n2.字迹工整\n3.频次达标',10,1,'住宅项目,商业项目,学校项目,前期项目',NULL),(97310237100103,'工作记录—品质检查',97310236369264,'安全类','质量记录','1.内容完整\n2.字迹工整\n3.频次达标',10,1,'住宅项目,商业项目,学校项目,前期项目',NULL),(97310237100104,'工作记录—班长主管督勤',97310236369264,'安全类','质量记录','1.内容完整\n2.字迹工整\n3.频次达标',10,1,'住宅项目,商业项目,学校项目,前期项目',NULL),(97310237100105,'工作记录—报事报修',97310236369264,'安全类','质量记录','1.有报事记录\n2.有处理记录',10,1,'住宅项目,商业项目,学校项目,前期项目',NULL),(97310237100106,'消防管理—设施设备',97310236369264,'安全类','设施设备完好情况','1.消防设施设备须完好\n2.消防设施设备有台帐\n3.设施设备故障有报事和记录',10,1,'住宅项目,商业项目,学校项目,前期项目',NULL),(97310237100107,'消防管理—灭火器具',97310236369264,'安全类','1.灭火器配置\n2.灭火器有效性','1.灭火器配置位置和数量符合国家规定\n2.干粉灭火器氮气压力不低于绿色区',10,1,'住宅项目,商业项目,学校项目,前期项目',NULL),(97310237100108,'消防管理—消防通道',97310236369264,'安全类','消防通道保持畅通','1.消防通道畅通，无车辆、物品阻挡',10,1,'住宅项目,商业项目,学校项目,前期项目',NULL),(97310237100109,'消防管理—消防培训',97310236369264,'安全类','1.内部员工消防培训\n2.外部消防宣传教育','1.培训有签到记录和培训记录\n2.培训有照片',10,1,'住宅项目,商业项目,学校项目,前期项目',NULL),(97310237100110,'消防管理—消防演练',97310236369264,'安全类','消防演练','1.有演戏方案\n2.有演练记录\n3.有图片或视频',10,1,'住宅项目,商业项目,学校项目,前期项目',NULL),(97310237100111,'设备管理—门岗道闸',97310236369264,'安全类','门岗道闸运行','1.门岗道闸系统完好，运行正常\n2.道闸故障有报事记录和处理时限。',10,1,'住宅项目,商业项目,学校项目,前期项目',NULL),(97310237100112,'设备管理—门岗车辆识别系统',97310236369264,'安全类','车辆识别系统运行','1.车辆自动识别系统完好，运行正常\n2.故障有报事记录和处理时限。',10,1,'住宅项目,商业项目,学校项目,前期项目',NULL),(97310237100113,'设备管理—停车收费系统',97310236369264,'安全类','停车收费系统运行','1.停车收费系统完好，运行正常\n2.故障有报事记录和处理时限。',10,1,'住宅项目,商业项目,学校项目,前期项目',NULL),(97310237100114,'设备管理—门禁系统',97310236369264,'安全类','门禁系统运行','1.门禁系统完好，运行正常\n2.故障有报事记录和处理时限。',10,1,'住宅项目,商业项目,学校项目,前期项目',NULL),(97310237100115,'设备管理—电梯对讲',97310236369264,'安全类','电梯对讲系统运行','1.电梯三方对讲系统完好，运行正常\n2.故障有报事记录和处理时限。',10,1,'住宅项目,商业项目,学校项目,前期项目',NULL),(106124808273288,'管理者例行事务执行-集团',97310236369264,'安全类','1.片区安全监察例行事务执行情况\n2.项目安全主管例行事务执行情况\n3.项目安全班长例行事务执行情况','1.内容执行无缺项；\n2.完成时间不超时；\n3.完成频次不缺量；\n4.完成质量能达标。',10,1,'住宅项目,商业项目,学校项目,前期项目',NULL);

/*Table structure for table `wy_inspection_standard_detail` */

DROP TABLE IF EXISTS `wy_inspection_standard_detail`;

CREATE TABLE `wy_inspection_standard_detail` (
  `detail_id` bigint(20) NOT NULL COMMENT 'id',
  `task_id` bigint(20) DEFAULT NULL COMMENT '任务id',
  `type_id` bigint(20) DEFAULT NULL COMMENT '考核类型id',
  `type_name` varchar(50) DEFAULT NULL COMMENT '考核类型名称',
  `st_id` bigint(20) DEFAULT NULL COMMENT '标准id',
  `st_no` varchar(256) DEFAULT NULL COMMENT '标准代码',
  `st_content` varchar(1024) DEFAULT NULL COMMENT '考核内容',
  `st_info` varchar(1024) DEFAULT NULL COMMENT '考核标准说明',
  `detail_result` int(2) DEFAULT NULL COMMENT '考核结论 0合格 1不合格',
  `detail_focus` varchar(1024) DEFAULT NULL COMMENT '重点考核',
  `is_necessary` int(2) DEFAULT NULL COMMENT '是否必检 0否 1是',
  `status` int(2) DEFAULT NULL COMMENT '状态 0未执行 1已执行',
  `detail_info` varchar(1024) DEFAULT NULL COMMENT '文字说明',
  `detail_address` varchar(1024) DEFAULT NULL COMMENT '详细地址',
  `detail_img` varchar(500) DEFAULT NULL COMMENT '现场图片',
  PRIMARY KEY (`detail_id`)
) ENGINE=InnoDB DEFAULT CHARSET=utf8;

/*Data for the table `wy_inspection_standard_detail` */

insert  into `wy_inspection_standard_detail`(`detail_id`,`task_id`,`type_id`,`type_name`,`st_id`,`st_no`,`st_content`,`st_info`,`detail_result`,`detail_focus`,`is_necessary`,`status`,`detail_info`,`detail_address`,`detail_img`) values (106143519611104,106143519611072,97310236369264,'安全类',97310237100091,'中控室—6S','岗亭/岗位6S','1.监控室内干净、整齐、无乱堆乱放；\n2.文件柜（夹）有统一标识，且标识清晰、无破损现象，所用文件资料更新及时并有效。',1,NULL,1,1,'考核不合格，门未关闭','二楼中控室','FjrgRU8wziQUtLmd-c3cS82atTJx,'),(106143519611112,106143519611072,97310236369264,'安全类',97310237100092,'中控室—人员出入','1.内部管理人员进出\n2.维保单位人员进出\n3.其它人员进出','1.所有人员进出监控中心需要进行登记\n2.维保单位进出需要安全主管陪同或同意\n3.其它人员进出中控室需主管陪同或同意',0,NULL,1,1,NULL,NULL,NULL),(106143519611120,106143519611072,97310236369264,'安全类',97310237100090,'中控室—监控设备','1.设备运行\n2.设备操作\n3.故障记录','1.设备完好，设备故障有记录、有报事\n2.会视频切换、回放；会手动自动切换；会消音旁路复位；会使用消防广播。',0,NULL,0,1,NULL,NULL,NULL),(106143519611128,106143519611072,97310236369264,'安全类',97310237100093,'中控室—钥匙管理','1.公共区域钥匙\n2.岗位备用钥匙','1.钥匙名称有标志\n2.钥匙存放有专柜\n3.钥匙管理有制度',NULL,NULL,0,0,NULL,NULL,NULL),(106143519611136,106143519611072,97310236369264,'安全类',97310237100098,'内务管理—6S','宿舍6S','1.床架、物品摆放须整齐；\n2.衣服及其他生活用品须存入指定的地方或柜内，床头不准晾挂衣物，无乱摆放现象；\n3.宿舍内有卫生、值日安排表及相关管理制度',NULL,NULL,0,0,NULL,NULL,NULL);

/*Table structure for table `wy_inspection_task` */

DROP TABLE IF EXISTS `wy_inspection_task`;

CREATE TABLE `wy_inspection_task` (
  `task_id` bigint(20) NOT NULL COMMENT 'id',
  `task_no` varchar(100) DEFAULT NULL COMMENT '任务单号',
  `plan_id` bigint(20) DEFAULT NULL COMMENT '计划 id',
  `plan_title` varchar(256) DEFAULT NULL COMMENT '计划名称',
  `gen_time` datetime DEFAULT NULL COMMENT '生成时间',
  `end_time` datetime DEFAULT NULL COMMENT '截止时间',
  `commit_time` datetime DEFAULT NULL COMMENT '提交时间',
  `gen_type` int(2) DEFAULT NULL COMMENT '任务生成类型\r\n 0临时 1周期',
  `status` int(2) DEFAULT NULL COMMENT '状态 1待处理 2处理中 3整改中 4已完成 5逾期',
  `charger_id` bigint(20) DEFAULT NULL COMMENT '负责人id',
  `charger_name` varchar(50) DEFAULT NULL COMMENT '负责人姓名',
  `charger_phone` varchar(20) DEFAULT NULL COMMENT '负责人电话',
  `dealer_id` bigint(20) DEFAULT NULL COMMENT '处理人id',
  `dealer_name` varchar(50) DEFAULT NULL COMMENT '处理人姓名',
  `dealer_phone` varchar(20) DEFAULT NULL COMMENT '处理人电话',
  `type_id` bigint(20) DEFAULT NULL COMMENT '类型id',
  `type_name` varchar(50) DEFAULT NULL COMMENT '类型名称',
  `type_score` int(5) DEFAULT NULL COMMENT '考核成绩',
  `st_sum` int(3) DEFAULT NULL COMMENT '考核标准总数',
  `qualified_num` int(3) DEFAULT NULL COMMENT '合格数',
  `unqualified_num` int(3) DEFAULT NULL COMMENT '不合格数',
  `rectify_sum` int(3) DEFAULT NULL COMMENT '整改总数',
  `not_rectify_num` int(3) DEFAULT NULL COMMENT '待整改数',
  `finished_num` int(3) DEFAULT NULL COMMENT '已完成数',
  `overdue_num` int(3) DEFAULT NULL COMMENT '逾期数',
  `area_id` bigint(20) DEFAULT NULL COMMENT '小区id',
  `area_name` varchar(50) DEFAULT NULL COMMENT '小区名称',
  PRIMARY KEY (`task_id`)
) ENGINE=InnoDB DEFAULT CHARSET=utf8;

/*Data for the table `wy_inspection_task` */

insert  into `wy_inspection_task`(`task_id`,`task_no`,`plan_id`,`plan_title`,`gen_time`,`end_time`,`commit_time`,`gen_type`,`status`,`charger_id`,`charger_name`,`charger_phone`,`dealer_id`,`dealer_name`,`dealer_phone`,`type_id`,`type_name`,`type_score`,`st_sum`,`qualified_num`,`unqualified_num`,`rectify_sum`,`not_rectify_num`,`finished_num`,`overdue_num`,`area_id`,`area_name`) values (106143519611072,'519611072',106143519610216,'品质巡查-片区安全18926','2018-09-26 13:26:04','2018-09-27 00:00:00','2018-09-26 13:35:18',0,4,9189555101470,'刘拯华','15002359235',9189555101480,'徐文卓','13648320079',97310236369264,'安全类',90,5,2,1,1,0,1,0,1,'鸥鹏K城');

/*Table structure for table `wy_inspection_template` */

DROP TABLE IF EXISTS `wy_inspection_template`;

CREATE TABLE `wy_inspection_template` (
  `template_id` bigint(20) NOT NULL COMMENT 'id',
  `template_name` varchar(50) DEFAULT NULL COMMENT '模板名称',
  `charge_role_id` bigint(20) DEFAULT NULL COMMENT '责任人职务id',
  `charge_role_name` varchar(50) DEFAULT NULL COMMENT '责任人职务名称',
  `status` int(2) DEFAULT NULL COMMENT '状态\r\n 0禁用 1启用',
  `template_note` varchar(1024) DEFAULT NULL COMMENT '备注',
  PRIMARY KEY (`template_id`)
) ENGINE=InnoDB DEFAULT CHARSET=utf8;

/*Data for the table `wy_inspection_template` */

insert  into `wy_inspection_template`(`template_id`,`template_name`,`charge_role_id`,`charge_role_name`,`status`,`template_note`) values (106124833153504,'工程类-片区',9315249128200,'片区负责人',1,'责任人-片区负责人；处理人-片区工程专员'),(106124833557616,'工程类-集团',9351892403432,'集团工程主管',1,'责任人-计划运营中心负责人；处理人-集团工程主管'),(106124834000928,'安全类-项目',2260936848557226,'项目经理',1,'责任人-项目经理；处理人-安全主管'),(106124834314136,'安全类-片区',9315249128200,'片区负责人',1,'责任人-片区负责人；处理人-片区安全专员'),(106124834920216,'安全类-集团',9339597434192,'安全监察负责人',1,'责任人-计划运营中心负责人；处理人-安全监察负责人'),(106124835431056,'客服类-项目',2260936848557226,'项目经理',1,'责任人-项目经理；处理人-管家主管'),(106124835865464,'客服类-片区',9315249128200,'片区负责人',1,'责任人-片区负责人；处理人-片区客服专员'),(106124836354440,'客服类-集团',9351874425928,'计划运营负责人',1,'责任人-计划运营中心负责人；处理人-客服监察负责人'),(106124836729888,'环境类-项目',2260936848557226,'项目经理',1,'责任人-项目经理；处理人-环境主管'),(106124837048320,'环境类-片区',9315249128200,'片区负责人',1,'责任人-片区负责人；处理人-片区环境专员'),(106124837451720,'环境类-集团',9351874425928,'计划运营负责人',1,'责任人-计划运营中心负责人；处理人-环境监察负责人'),(106124837764136,'绿化类-项目',2260936848557226,'项目经理',1,'责任人-项目经理；处理人-环境主管'),(106124838070720,'绿化类-片区',9315249128200,'片区负责人',1,'责任人-片区负责人；处理人-片区环境专员'),(106124838468928,'绿化类-集团',9351874425928,'计划运营负责人',1,'责任人-计划运营中心负责人；处理人-环境监察负责人'),(106129751603304,'测试模板-工程类-片区',2260936848557226,'项目经理',1,NULL),(106132512057832,'集团月检-客服',9351874425928,'计划运营负责人',1,NULL),(106132566508344,'项目经理日检',9315249128200,'片区负责人',1,'项目经理日检'),(106133759675912,'测试专用模板1',9356855693064,'测试角色B',1,NULL),(106134482054008,'测试',9264950796392,'超管用户',1,NULL);

/*Table structure for table `wy_inspection_type` */

DROP TABLE IF EXISTS `wy_inspection_type`;

CREATE TABLE `wy_inspection_type` (
  `type_id` bigint(20) NOT NULL COMMENT 'id',
  `type_no` varchar(50) DEFAULT NULL COMMENT '专业代码',
  `type_name` varchar(50) DEFAULT NULL COMMENT '专业名称',
  `type_score` int(5) DEFAULT NULL COMMENT '总分值',
  `status` int(2) DEFAULT NULL COMMENT '状态',
  `type_note` varchar(1024) DEFAULT NULL COMMENT '备注',
  PRIMARY KEY (`type_id`)
) ENGINE=InnoDB DEFAULT CHARSET=utf8;

/*Data for the table `wy_inspection_type` */

insert  into `wy_inspection_type`(`type_id`,`type_no`,`type_name`,`type_score`,`status`,`type_note`) values (97310236145096,'GC','工程类',100,1,NULL),(97310236286800,'KF','客服类',100,1,NULL),(97310236369264,'AQ','安全类',100,1,NULL),(97310236466112,'LH','绿化类',100,1,NULL),(97310236547784,'HJ','环境类',100,1,NULL);

/*Table structure for table `wy_inspection_type_standard` */

DROP TABLE IF EXISTS `wy_inspection_type_standard`;

CREATE TABLE `wy_inspection_type_standard` (
  `type_st_id` bigint(20) NOT NULL COMMENT 'id',
  `template_id` bigint(20) DEFAULT NULL COMMENT '模板id',
  `type_id` bigint(20) DEFAULT NULL COMMENT '考核类型id',
  `type_name` varchar(50) DEFAULT NULL COMMENT '考核类型名称',
  `deal_role_id` bigint(20) DEFAULT NULL COMMENT '处理人职务id',
  `deal_role_name` varchar(50) DEFAULT NULL COMMENT '处理人职务名称',
  `check_role_id` bigint(20) DEFAULT NULL COMMENT '审核人职务id',
  `check_role_name` varchar(50) DEFAULT NULL COMMENT '审核人职务名称',
  PRIMARY KEY (`type_st_id`)
) ENGINE=InnoDB DEFAULT CHARSET=utf8;

/*Data for the table `wy_inspection_type_standard` */

insert  into `wy_inspection_type_standard`(`type_st_id`,`template_id`,`type_id`,`type_name`,`deal_role_id`,`deal_role_name`,`check_role_id`,`check_role_name`) values (106124842504032,106124834000928,97310236369264,'安全类',9285005805376,'安全主管',0,NULL),(106124844585184,106124835431056,97310236286800,'客服类',2260936848557228,'管家主管',0,NULL),(106124844759416,106124835865464,97310236286800,'客服类',9352002882376,'片区客服专员',0,NULL),(106124844965864,106124836354440,97310236286800,'客服类',9352003335352,'客服监察负责人',0,NULL),(106124845163408,106124836729888,97310236547784,'环境类',9314540700648,'环境主管',0,NULL),(106124845383256,106124837048320,97310236547784,'环境类',9352002651064,'片区环境专员',0,NULL),(106124845560432,106124837451720,97310236547784,'环境类',9352003217584,'环境监察负责人',0,NULL),(106124845690848,106124837764136,97310236466112,'绿化类',9352003217584,'环境监察负责人',0,NULL),(106124845830792,106124838070720,97310236466112,'绿化类',9352002651064,'片区环境专员',0,NULL),(106124845985272,106124838468928,97310236466112,'绿化类',9352003217584,'环境监察负责人',0,NULL),(106124885350104,106124834314136,97310236369264,'安全类',9314529006664,'片区安全专员',0,NULL),(106124890558336,106124833153504,97310236145096,'工程类',9307602033400,'片区工程专员',0,NULL),(106129751603336,106129751603304,97310236145096,'工程类',9271805821272,'工程主管',NULL,NULL),(106132512057880,106132512057832,97310236145096,'工程类',9351892403432,'集团工程主管',NULL,NULL),(106132566508376,106132566508344,97310236145096,'工程类',2260936848557226,'项目经理',NULL,NULL),(106132566508424,106132566508344,97310236286800,'客服类',2260936848557226,'项目经理',NULL,NULL),(106132566508704,106132566508344,97310236369264,'安全类',2260936848557226,'项目经理',NULL,NULL),(106132566508920,106132566508344,97310236466112,'绿化类',2260936848557226,'项目经理',NULL,NULL),(106132566508968,106132566508344,97310236547784,'环境类',2260936848557226,'项目经理',NULL,NULL),(106132584372992,106124834920216,97310236369264,'安全类',NULL,NULL,0,NULL),(106132585826896,106124833557616,97310236145096,'工程类',NULL,NULL,0,NULL),(106133759675920,106133759675912,97310236145096,'工程类',9356855693064,'测试角色B',NULL,NULL),(106133759675944,106133759675912,97310236286800,'客服类',9356855693064,'测试角色B',NULL,NULL),(106133759675960,106133759675912,97310236369264,'安全类',9356855693064,'测试角色B',NULL,NULL),(106133759675984,106133759675912,97310236466112,'绿化类',9356855693064,'测试角色B',NULL,NULL),(106133759676000,106133759675912,97310236547784,'环境类',9356855693064,'测试角色B',NULL,NULL),(106134482578800,106134482054008,97310236145096,'工程类',0,NULL,0,NULL);

/*Table structure for table `wy_inspection_type_standard_attachment` */

DROP TABLE IF EXISTS `wy_inspection_type_standard_attachment`;

CREATE TABLE `wy_inspection_type_standard_attachment` (
  `st_list_id` bigint(20) NOT NULL COMMENT 'id',
  `type_st_id` bigint(20) DEFAULT NULL COMMENT '类型与标准表id',
  `st_id` bigint(20) DEFAULT NULL COMMENT '标准id',
  `st_no` varchar(256) DEFAULT NULL COMMENT '标准代码',
  `st_content` varchar(1024) DEFAULT NULL COMMENT '考核内容',
  `st_info` varchar(1024) DEFAULT NULL COMMENT '标准说明',
  `st_range` varchar(500) DEFAULT NULL COMMENT '适用小区范围',
  `is_necessary` varchar(2) DEFAULT NULL COMMENT '是否必检 0否 1是',
  PRIMARY KEY (`st_list_id`)
) ENGINE=InnoDB DEFAULT CHARSET=utf8;

/*Data for the table `wy_inspection_type_standard_attachment` */

insert  into `wy_inspection_type_standard_attachment`(`st_list_id`,`type_st_id`,`st_id`,`st_no`,`st_content`,`st_info`,`st_range`,`is_necessary`) values (106124842504040,106124842504032,97310237100091,'中控室—6S','岗亭/岗位6S','1.监控室内干净、整齐、无乱堆乱放；\n2.文件柜（夹）有统一标识，且标识清晰、无破损现象，所用文件资料更新及时并有效。','住宅项目,商业项目,学校项目,前期项目','1'),(106124842504041,106124842504032,97310237100092,'中控室—人员出入','1.内部管理人员进出\n2.维保单位人员进出\n3.其它人员进出','1.所有人员进出监控中心需要进行登记\n2.维保单位进出需要安全主管陪同或同意\n3.其它人员进出中控室需主管陪同或同意','住宅项目,商业项目,学校项目,前期项目','1'),(106124842504042,106124842504032,97310237100090,'中控室—监控设备','1.设备运行\n2.设备操作\n3.故障记录','1.设备完好，设备故障有记录、有报事\n2.会视频切换、回放；会手动自动切换；会消音旁路复位；会使用消防广播。','住宅项目,商业项目,学校项目,前期项目','1'),(106124842504043,106124842504032,97310237100093,'中控室—钥匙管理','1.公共区域钥匙\n2.岗位备用钥匙','1.钥匙名称有标志\n2.钥匙存放有专柜\n3.钥匙管理有制度','住宅项目,商业项目,学校项目,前期项目','1'),(106124842504044,106124842504032,97310237100098,'内务管理—6S','宿舍6S','1.床架、物品摆放须整齐；\n2.衣服及其他生活用品须存入指定的地方或柜内，床头不准晾挂衣物，无乱摆放现象；\n3.宿舍内有卫生、值日安排表及相关管理制度','住宅项目,商业项目,学校项目,前期项目','1'),(106124842504045,106124842504032,97310237100082,'办公环境—6S','岗亭/岗位6S','办公室（岗亭）内干净、整齐、无乱堆乱放；','住宅项目,商业项目,学校项目,前期项目','1'),(106124842504046,106124842504032,97310237100083,'办公环境—VI','岗位VI标识','文件柜（夹）有统一标识，且标识清晰、无破损现象，所用文件资料更新及时并有效。','住宅项目,商业项目,学校项目,前期项目','1'),(106124842504047,106124842504032,97310237100095,'巡逻岗—公共区域','1.公区设施设备\n2.公区消防通道','1.公区设施设备损坏有报事\n2.公共区域通道畅通，没有车辆乱停、物品乱堆放','住宅项目,商业项目,学校项目,前期项目','1'),(106124842504048,106124842504032,97310237100097,'巡逻岗—安防、消防','1.安防设施设备巡查\n2.消防设施设备巡查','1.所有安防、消防设施设备有台帐记录\n2.设施设备故障有报事及记录','住宅项目,商业项目,学校项目,前期项目','1'),(106124842504049,106124842504032,97310237100096,'巡逻岗—装修现场','1.装修许可\n2.装修证件\n3.装修行为','1.装修前需要经过许可，有装修许可证\n2.装修工人出入有证件\n3.装修过程中无破坏主体、功能、破坏外观统一、美观的行为\n4.每日装修须清场，无留宿人员','住宅项目,商业项目,学校项目,前期项目','1'),(106124842504050,106124842504032,97310237100094,'巡逻岗—质量记录','1.巡检记录\n2.签到记录','1.记录须完整\n2.记录字迹工整','住宅项目,商业项目,学校项目,前期项目','1'),(106124842504051,106124842504032,97310237100080,'工作手册-工作指引','1.项目安全班长对工作指引的掌握\n2.工作手册培训记录','1.抽考工作指引一条；\n2.关键词表述无错误；\n3.工作手册培训有记录。','住宅项目,商业项目,学校项目,前期项目','1'),(106124842504052,106124842504032,97310237100101,'工作记录—交接','质量记录','1.内容完整\n2.字迹工整\n3.交接签字','住宅项目,商业项目,学校项目,前期项目','1'),(106124842504053,106124842504032,97310237100099,'工作记录—值班记录','质量记录','1.内容完整\n2.字迹工整\n3.交接签字','住宅项目,商业项目,学校项目,前期项目','1'),(106124842504054,106124842504032,97310237100103,'工作记录—品质检查','质量记录','1.内容完整\n2.字迹工整\n3.频次达标','住宅项目,商业项目,学校项目,前期项目','1'),(106124842504055,106124842504032,97310237100102,'工作记录—夜间值班经理督勤','质量记录','1.内容完整\n2.字迹工整\n3.频次达标','住宅项目,商业项目,学校项目,前期项目','1'),(106124842504056,106124842504032,97310237100105,'工作记录—报事报修','质量记录','1.有报事记录\n2.有处理记录','住宅项目,商业项目,学校项目,前期项目','1'),(106124842504057,106124842504032,97310237100104,'工作记录—班长主管督勤','质量记录','1.内容完整\n2.字迹工整\n3.频次达标','住宅项目,商业项目,学校项目,前期项目','1'),(106124842504058,106124842504032,97310237100100,'工作记录—设备运行','质量记录','1.内容完整\n2.字迹工整\n3.交接签字','住宅项目,商业项目,学校项目,前期项目','1'),(106124842504059,106124842504032,97310237100079,'服务规范—基本服务礼仪','岗位基本服务礼仪','1.工作期间着工装、戴工号牌；\n2.男生不染发，头发前不及眉，侧不掩耳、后不触；女生发不过肩，超过肩需要盘起来；\n3.男生不留八字须、三羊须、络腮胡；\n4.站坐行敬礼动作标准，接递物品使用双手，多微笑、主动问候打招呼，使用十字文明用语、其它服务行为符合基本服务礼仪要求；','住宅项目,商业项目,学校项目,前期项目','1'),(106124842504060,106124842504032,97310237100109,'消防管理—消防培训','1.内部员工消防培训\n2.外部消防宣传教育','1.培训有签到记录和培训记录\n2.培训有照片','住宅项目,商业项目,学校项目,前期项目','1'),(106124842504061,106124842504032,97310237100110,'消防管理—消防演练','消防演练','1.有演戏方案\n2.有演练记录\n3.有图片或视频','住宅项目,商业项目,学校项目,前期项目','1'),(106124842504062,106124842504032,97310237100108,'消防管理—消防通道','消防通道保持畅通','1.消防通道畅通，无车辆、物品阻挡','住宅项目,商业项目,学校项目,前期项目','1'),(106124842504063,106124842504032,97310237100107,'消防管理—灭火器具','1.灭火器配置\n2.灭火器有效性','1.灭火器配置位置和数量符合国家规定\n2.干粉灭火器氮气压力不低于绿色区','住宅项目,商业项目,学校项目,前期项目','1'),(106124842504064,106124842504032,97310237100106,'消防管理—设施设备','设施设备完好情况','1.消防设施设备须完好\n2.消防设施设备有台帐\n3.设施设备故障有报事和记录','住宅项目,商业项目,学校项目,前期项目','1'),(106124842504065,106124842504032,97310237100077,'管理者例行事务执行-项目','根据项目安全班长例行事务执行情况检查','1.内容执行无缺项；\n2.完成时间不超时；\n3.完成频次不缺量；\n4.完成质量能达标。','住宅项目,商业项目,学校项目,前期项目','1'),(106124842504066,106124842504032,97310237100113,'设备管理—停车收费系统','停车收费系统运行','1.停车收费系统完好，运行正常\n2.故障有报事记录和处理时限。','住宅项目,商业项目,学校项目,前期项目','1'),(106124842504067,106124842504032,97310237100115,'设备管理—电梯对讲','电梯对讲系统运行','1.电梯三方对讲系统完好，运行正常\n2.故障有报事记录和处理时限。','住宅项目,商业项目,学校项目,前期项目','1'),(106124842504068,106124842504032,97310237100112,'设备管理—门岗车辆识别系统','车辆识别系统运行','1.车辆自动识别系统完好，运行正常\n2.故障有报事记录和处理时限。','住宅项目,商业项目,学校项目,前期项目','1'),(106124842504069,106124842504032,97310237100111,'设备管理—门岗道闸','门岗道闸运行','1.门岗道闸系统完好，运行正常\n2.道闸故障有报事记录和处理时限。','住宅项目,商业项目,学校项目,前期项目','1'),(106124842504070,106124842504032,97310237100114,'设备管理—门禁系统','门禁系统运行','1.门禁系统完好，运行正常\n2.故障有报事记录和处理时限。','住宅项目,商业项目,学校项目,前期项目','1'),(106124842504071,106124842504032,97310237100084,'门岗—人行岗-业主管控','1.认识业主的管控\n2.不认识业主的管控','1.对认识的业主有敬礼或微笑、点头、问候；\n2.对于不认识的业主有提醒刷门禁卡。','住宅项目,商业项目,学校项目,前期项目','1'),(106124842504072,106124842504032,97310237100085,'门岗—人行岗-来访人员管控','1.来访人员找业主\n2.来访人员找员工','1.来访管控流程不缺项：询问-核实-登记-放行\n2.来访管控感受无不良：如语言粗俗、态度粗暴','住宅项目,商业项目,学校项目,前期项目','1'),(106124842504073,106124842504032,97310237100086,'门岗—人行岗-物品管控','1.业主携物品外出\n2.员工携物品外出\n3.工人携物品外出','1.大宗物品外出放行前须验收《出门条》并登记\n2.登记时需要凭有效证件','住宅项目,商业项目,学校项目,前期项目','1'),(106124842504074,106124842504032,97310237100089,'门岗—车行岗-临时车辆','1.临时来访车辆进出小区','1.车辆指挥须按交通手势标准\n2.临时车辆管控不缺项：询问-核实-登记-放行','住宅项目,商业项目,学校项目,前期项目','1'),(106124842504075,106124842504032,97310237100087,'门岗—车行岗-执勤动作','1.业主开车进出小区\n2.重要客户开车进出小区\n3.参观车队进出小区','1.车辆指挥须按交通手势标准\n2.重点客户车牌必须记住\n3.重点客户姓名必须记住','住宅项目,商业项目,学校项目,前期项目','1'),(106124842504076,106124842504032,97310237100088,'门岗—车行岗-收费','1.临时停车收费标准\n2.临时收费票据管理','1.收费标准需要记住\n2.收费时钱票应一致\n3.废票、弃票需入箱\n4.未收费车辆有登记','住宅项目,商业项目,学校项目,前期项目','1'),(106124844585192,106124844585184,97310237100051,'业主财产管理-代收代存物品','代收代存物品、邮件物品堆放有序','有一项未达成，扣10分','住宅项目,商业项目,学校项目,前期项目','1'),(106124844585193,106124844585184,97310237100053,'业主财产管理-整洁美观','无违法违章装修、乱搭建、乱悬挂、乱张贴广告、霓虹灯、招牌整洁统一美观、无安全隐患或破损等','有一项未达成，扣10分','住宅项目,商业项目,学校项目,前期项目','1'),(106124844585194,106124844585184,97310237100052,'业主财产管理-物品登记','收发物品记录登记准确，妥善保管，领回记录清晰','有一项未达成，扣10分','住宅项目,商业项目,学校项目,前期项目','1'),(106124844585195,106124844585184,97310237100038,'信息管理-公告栏完好','公告栏无破损、无小广告，无灰尘','有一项未达成，扣10分','住宅项目,商业项目,学校项目,前期项目','1'),(106124844585196,106124844585184,97310237100036,'信息管理-公告栏有效期','物业服务中心对外公示的通知、通告张贴规范，并保证在有效期内','有一项未达成，扣10分','住宅项目,商业项目,学校项目,前期项目','1'),(106124844585197,106124844585184,97310237100037,'信息管理-公告栏电话公示','在公示栏公示400服务电话、服务中心经理、管家、片区投诉电话','有一项未达成，扣10分','住宅项目,商业项目,学校项目,前期项目','1'),(106124844585198,106124844585184,97310237100028,'办公环境—办公室','前台物品整洁，设置温馨、办公室内干净、整齐、无乱堆乱放','有一项未达成，扣10分','住宅项目,商业项目,学校项目,前期项目','1'),(106124844585199,106124844585184,97310237100029,'办公环境—桌面整洁','桌面上文件摆放整洁、无个人饰物放置在办公桌面','有一项未达成，扣10分','住宅项目,商业项目,学校项目,前期项目','1'),(106124844585200,106124844585184,97310237100056,'售场管理（前期)-保洁','售场保洁必须佩戴白手套','有一项未达成，扣10分','前期项目','0'),(106124844585201,106124844585184,97310237100057,'售场管理（前期)-吧台','吧台只能一人在岗，不得在岗上吃东西，不得玩手机，吧台确保干净整洁，服务主动热情','有一项未达成，扣10分','前期项目','0'),(106124844585202,106124844585184,97310237100055,'售场管理（前期)-接待','客人进入示范区３分钟内必须将水送到位，客人离开2分钟内将水杯收回','有一项未达成，扣10分','前期项目','0'),(106124844585203,106124844585184,97310237100054,'商铺管理-商铺管理','铺面整齐，无违章摆卖，无乱扔垃圾，无非机动车乱停乱放','有一项未达成，扣10分','住宅项目,商业项目,学校项目,前期项目','1'),(106124844585204,106124844585184,97310237100031,'客户档案-业主档案','业主档案资料完整，齐全、标识清晰现场存放规范','有一项未达成，扣10分','住宅项目,商业项目,学校项目,前期项目','1'),(106124844585205,106124844585184,97310237100032,'客户档案-业主档案更新','业主档案更新及时，有电子档案，每周与销售中心进行一次业主资料移交，移交必须有书面的移交清单，清点无误双方签字确认（前期项目）','有一项未达成，扣10分','住宅项目,商业项目,学校项目,前期项目','1'),(106124844585206,106124844585184,97310237100030,'客户档案-文件柜（夹）','文件柜（夹）有统一标识，且标识清晰、无破损现象','有一项未达成，扣10分','住宅项目,商业项目,学校项目,前期项目','1'),(106124844585207,106124844585184,97310237100035,'客户管理-业主访谈计划','有月度业主访谈计划，管家按计划对业主进行访谈，月度业主访谈覆盖率10%，并做好业主访谈记录','有一项未达成，扣10分','住宅项目,商业项目,学校项目,前期项目','1'),(106124844585208,106124844585184,97310237100034,'客户管理-重点业主','每月与重点业主/关键客户的正式沟通应至少一次，每月与关键客户的沟通应至少一次','有一项未达成，扣10分','住宅项目,商业项目,学校项目,前期项目','1'),(106124844585209,106124844585184,97310237100033,'客户管理-重点客户明细表','项目有《重点客户明细表》，并按照要求每月更新','有一项未达成，扣10分','住宅项目,商业项目,学校项目,前期项目','1'),(106124844585210,106124844585184,97310237100026,'工作手册-工作指引','根据项目手册抽问部门负责人一个工作指引、工作手册的培训记录','有一项未达成，扣10分','住宅项目,商业项目,学校项目,前期项目','1'),(106124844585211,106124844585184,97310237100045,'工作记录-品质日检','品质日检记录齐全，问题处理及时','有一项未达成，扣10分','住宅项目,商业项目,学校项目,前期项目','1'),(106124844585212,106124844585184,97310237100046,'工作记录-夜间值班','有夜间值班经理排班表，并按排班表开展夜间巡查工作，在要求的巡查时间（0-6）内有重点岗位签到记录','有一项未达成，扣10分','住宅项目,商业项目,学校项目,前期项目','1'),(106124844585213,106124844585184,97310237100042,'工作记录-客户回访','客户回访及时，报修处理及时率应达到100%','有一项未达成，扣10分','住宅项目,商业项目,学校项目,前期项目','1'),(106124844585214,106124844585184,97310237100039,'工作记录-巡楼情况','巡楼记录本记录完整、巡楼有巡查情况及处理结果、每日有空置房巡查记录（至少抽查2个片区管家的巡查记录）','有一项未达成，扣10分','住宅项目,商业项目,学校项目,前期项目','1'),(106124844585215,106124844585184,97310237100041,'工作记录-投诉处理','投诉应快速处理，投诉处理及时率应达到100%、未完事项有跟进记录，有投诉处理跟进表、改进计纠正预防措施，投诉处理过程及沟通记录完整。','有一项未达成，扣10分','住宅项目,商业项目,学校项目,前期项目','1'),(106124844585216,106124844585184,97310237100040,'工作记录-报事报修记录','所有报事投诉都应有书面记录，有完整的业主报事报修记录。','有一项未达成，扣10分','住宅项目,商业项目,学校项目,前期项目','1'),(106124844585217,106124844585184,97310237100047,'工作记录-未完成报事','当天未完成报事必须转协调单，并将跟进记录填写在乐天系统内，未完成报事状态不得改为完成。','有一项未达成，扣10分','住宅项目,商业项目,学校项目,前期项目','1'),(106124844585218,106124844585184,97310237100044,'工作记录-空置房管理','物业服务中心有住宅与商铺空置房清单，每月填写空置房户内巡查记录，确保空置房内的地面、门、窗、玻璃、栏杆、配电箱等干净整洁、房内无蜘蛛网；空置房内设施设备完好；水电保持在关闭状态，每月抄录空置房水电气表读数（至少抽查5户，非同一栋楼）','有一项未达成，扣10分','住宅项目,商业项目,学校项目,前期项目','1'),(106124844585219,106124844585184,97310237100043,'工作记录-重点工作','各物业服务中心至少每月1次，将项目完成主要工作及下月重点工作，以《物业服务简报》形式向业主公布','有一项未达成，扣10分','住宅项目,商业项目,学校项目,前期项目','1'),(106124844585220,106124844585184,97310237100027,'服务规范-形象检查','在岗人员精神饱满，淡妆、使用语言规范（普通话）、着工装','有一项未达成，扣10分','住宅项目,商业项目,学校项目,前期项目','1'),(106124844585221,106124844585184,97310237100059,'样板间管理（前期)-交接表','有《样板间工作交接表》，相关注意事项（客流量统计、工程维修、当日未完成事项）、工作交接清晰无误','有一项未达成，扣10分','前期项目','0'),(106124844585222,106124844585184,97310237100058,'样板间管理（前期)-售场','项目各部门管理人员每天对售场进行巡查并做好签到','有一项未达成，扣10分','前期项目','0'),(106124844585223,106124844585184,97310237100060,'样板间管理（前期)-物品管理','样板间物品每日清点，实物与清单数据相符，异常情况及时上报，并有记录','有一项未达成，扣10分','前期项目','0'),(106124844585224,106124844585184,97310237100061,'样板间管理（前期)-讲解','礼貌接待所有参观客户，并按《样板间解说词》为参观客户提供讲解服务','有一项未达成，扣10分','前期项目','0'),(106124844585225,106124844585184,97310237100049,'装修管理-装修巡查','每日管家、安全、工程对装修进行巡查，并做好巡查记录','有一项未达成，扣10分','住宅项目,商业项目,学校项目,前期项目','1'),(106124844585226,106124844585184,97310237100048,'装修管理-装修汇总表','各项目应有装修汇总表','有一项未达成，扣10分','住宅项目,商业项目,学校项目,前期项目','1'),(106124844585227,106124844585184,97310237100050,'装修管理-违规装修','对违规装修户有相应的违章整改通知书及跟进记录','有一项未达成，扣10分','住宅项目,商业项目,学校项目,前期项目','1'),(106124844759432,106124844759416,97310237100051,'业主财产管理-代收代存物品','代收代存物品、邮件物品堆放有序','有一项未达成，扣10分','住宅项目,商业项目,学校项目,前期项目','1'),(106124844759433,106124844759416,97310237100053,'业主财产管理-整洁美观','无违法违章装修、乱搭建、乱悬挂、乱张贴广告、霓虹灯、招牌整洁统一美观、无安全隐患或破损等','有一项未达成，扣10分','住宅项目,商业项目,学校项目,前期项目','1'),(106124844759434,106124844759416,97310237100052,'业主财产管理-物品登记','收发物品记录登记准确，妥善保管，领回记录清晰','有一项未达成，扣10分','住宅项目,商业项目,学校项目,前期项目','1'),(106124844759435,106124844759416,97310237100038,'信息管理-公告栏完好','公告栏无破损、无小广告，无灰尘','有一项未达成，扣10分','住宅项目,商业项目,学校项目,前期项目','1'),(106124844759436,106124844759416,97310237100036,'信息管理-公告栏有效期','物业服务中心对外公示的通知、通告张贴规范，并保证在有效期内','有一项未达成，扣10分','住宅项目,商业项目,学校项目,前期项目','1'),(106124844759437,106124844759416,97310237100037,'信息管理-公告栏电话公示','在公示栏公示400服务电话、服务中心经理、管家、片区投诉电话','有一项未达成，扣10分','住宅项目,商业项目,学校项目,前期项目','1'),(106124844759438,106124844759416,97310237100028,'办公环境—办公室','前台物品整洁，设置温馨、办公室内干净、整齐、无乱堆乱放','有一项未达成，扣10分','住宅项目,商业项目,学校项目,前期项目','1'),(106124844759439,106124844759416,97310237100029,'办公环境—桌面整洁','桌面上文件摆放整洁、无个人饰物放置在办公桌面','有一项未达成，扣10分','住宅项目,商业项目,学校项目,前期项目','1'),(106124844759440,106124844759416,97310237100056,'售场管理（前期)-保洁','售场保洁必须佩戴白手套','有一项未达成，扣10分','前期项目','0'),(106124844759441,106124844759416,97310237100057,'售场管理（前期)-吧台','吧台只能一人在岗，不得在岗上吃东西，不得玩手机，吧台确保干净整洁，服务主动热情','有一项未达成，扣10分','前期项目','0'),(106124844759442,106124844759416,97310237100055,'售场管理（前期)-接待','客人进入示范区３分钟内必须将水送到位，客人离开2分钟内将水杯收回','有一项未达成，扣10分','前期项目','0'),(106124844759443,106124844759416,97310237100054,'商铺管理-商铺管理','铺面整齐，无违章摆卖，无乱扔垃圾，无非机动车乱停乱放','有一项未达成，扣10分','住宅项目,商业项目,学校项目,前期项目','1'),(106124844759444,106124844759416,97310237100031,'客户档案-业主档案','业主档案资料完整，齐全、标识清晰现场存放规范','有一项未达成，扣10分','住宅项目,商业项目,学校项目,前期项目','1'),(106124844759445,106124844759416,97310237100032,'客户档案-业主档案更新','业主档案更新及时，有电子档案，每周与销售中心进行一次业主资料移交，移交必须有书面的移交清单，清点无误双方签字确认（前期项目）','有一项未达成，扣10分','住宅项目,商业项目,学校项目,前期项目','1'),(106124844759446,106124844759416,97310237100030,'客户档案-文件柜（夹）','文件柜（夹）有统一标识，且标识清晰、无破损现象','有一项未达成，扣10分','住宅项目,商业项目,学校项目,前期项目','1'),(106124844759447,106124844759416,97310237100035,'客户管理-业主访谈计划','有月度业主访谈计划，管家按计划对业主进行访谈，月度业主访谈覆盖率10%，并做好业主访谈记录','有一项未达成，扣10分','住宅项目,商业项目,学校项目,前期项目','1'),(106124844759448,106124844759416,97310237100034,'客户管理-重点业主','每月与重点业主/关键客户的正式沟通应至少一次，每月与关键客户的沟通应至少一次','有一项未达成，扣10分','住宅项目,商业项目,学校项目,前期项目','1'),(106124844759449,106124844759416,97310237100033,'客户管理-重点客户明细表','项目有《重点客户明细表》，并按照要求每月更新','有一项未达成，扣10分','住宅项目,商业项目,学校项目,前期项目','1'),(106124844759450,106124844759416,97310237100026,'工作手册-工作指引','根据项目手册抽问部门负责人一个工作指引、工作手册的培训记录','有一项未达成，扣10分','住宅项目,商业项目,学校项目,前期项目','1'),(106124844759451,106124844759416,97310237100045,'工作记录-品质日检','品质日检记录齐全，问题处理及时','有一项未达成，扣10分','住宅项目,商业项目,学校项目,前期项目','1'),(106124844759452,106124844759416,97310237100046,'工作记录-夜间值班','有夜间值班经理排班表，并按排班表开展夜间巡查工作，在要求的巡查时间（0-6）内有重点岗位签到记录','有一项未达成，扣10分','住宅项目,商业项目,学校项目,前期项目','1'),(106124844759453,106124844759416,97310237100042,'工作记录-客户回访','客户回访及时，报修处理及时率应达到100%','有一项未达成，扣10分','住宅项目,商业项目,学校项目,前期项目','1'),(106124844759454,106124844759416,97310237100039,'工作记录-巡楼情况','巡楼记录本记录完整、巡楼有巡查情况及处理结果、每日有空置房巡查记录（至少抽查2个片区管家的巡查记录）','有一项未达成，扣10分','住宅项目,商业项目,学校项目,前期项目','1'),(106124844759455,106124844759416,97310237100041,'工作记录-投诉处理','投诉应快速处理，投诉处理及时率应达到100%、未完事项有跟进记录，有投诉处理跟进表、改进计纠正预防措施，投诉处理过程及沟通记录完整。','有一项未达成，扣10分','住宅项目,商业项目,学校项目,前期项目','1'),(106124844759456,106124844759416,97310237100040,'工作记录-报事报修记录','所有报事投诉都应有书面记录，有完整的业主报事报修记录。','有一项未达成，扣10分','住宅项目,商业项目,学校项目,前期项目','1'),(106124844759457,106124844759416,97310237100047,'工作记录-未完成报事','当天未完成报事必须转协调单，并将跟进记录填写在乐天系统内，未完成报事状态不得改为完成。','有一项未达成，扣10分','住宅项目,商业项目,学校项目,前期项目','1'),(106124844759458,106124844759416,97310237100044,'工作记录-空置房管理','物业服务中心有住宅与商铺空置房清单，每月填写空置房户内巡查记录，确保空置房内的地面、门、窗、玻璃、栏杆、配电箱等干净整洁、房内无蜘蛛网；空置房内设施设备完好；水电保持在关闭状态，每月抄录空置房水电气表读数（至少抽查5户，非同一栋楼）','有一项未达成，扣10分','住宅项目,商业项目,学校项目,前期项目','1'),(106124844759459,106124844759416,97310237100043,'工作记录-重点工作','各物业服务中心至少每月1次，将项目完成主要工作及下月重点工作，以《物业服务简报》形式向业主公布','有一项未达成，扣10分','住宅项目,商业项目,学校项目,前期项目','1'),(106124844759460,106124844759416,97310237100027,'服务规范-形象检查','在岗人员精神饱满，淡妆、使用语言规范（普通话）、着工装','有一项未达成，扣10分','住宅项目,商业项目,学校项目,前期项目','1'),(106124844759461,106124844759416,97310237100059,'样板间管理（前期)-交接表','有《样板间工作交接表》，相关注意事项（客流量统计、工程维修、当日未完成事项）、工作交接清晰无误','有一项未达成，扣10分','前期项目','0'),(106124844759462,106124844759416,97310237100058,'样板间管理（前期)-售场','项目各部门管理人员每天对售场进行巡查并做好签到','有一项未达成，扣10分','前期项目','0'),(106124844759463,106124844759416,97310237100060,'样板间管理（前期)-物品管理','样板间物品每日清点，实物与清单数据相符，异常情况及时上报，并有记录','有一项未达成，扣10分','前期项目','0'),(106124844759464,106124844759416,97310237100061,'样板间管理（前期)-讲解','礼貌接待所有参观客户，并按《样板间解说词》为参观客户提供讲解服务','有一项未达成，扣10分','前期项目','0'),(106124844759465,106124844759416,97310237100049,'装修管理-装修巡查','每日管家、安全、工程对装修进行巡查，并做好巡查记录','有一项未达成，扣10分','住宅项目,商业项目,学校项目,前期项目','1'),(106124844759466,106124844759416,97310237100048,'装修管理-装修汇总表','各项目应有装修汇总表','有一项未达成，扣10分','住宅项目,商业项目,学校项目,前期项目','1'),(106124844759467,106124844759416,97310237100050,'装修管理-违规装修','对违规装修户有相应的违章整改通知书及跟进记录','有一项未达成，扣10分','住宅项目,商业项目,学校项目,前期项目','1'),(106124844965912,106124844965864,97310237100051,'业主财产管理-代收代存物品','代收代存物品、邮件物品堆放有序','有一项未达成，扣10分','住宅项目,商业项目,学校项目,前期项目','0'),(106124844965913,106124844965864,97310237100053,'业主财产管理-整洁美观','无违法违章装修、乱搭建、乱悬挂、乱张贴广告、霓虹灯、招牌整洁统一美观、无安全隐患或破损等','有一项未达成，扣10分','住宅项目,商业项目,学校项目,前期项目','0'),(106124844965914,106124844965864,97310237100052,'业主财产管理-物品登记','收发物品记录登记准确，妥善保管，领回记录清晰','有一项未达成，扣10分','住宅项目,商业项目,学校项目,前期项目','0'),(106124844965915,106124844965864,97310237100038,'信息管理-公告栏完好','公告栏无破损、无小广告，无灰尘','有一项未达成，扣10分','住宅项目,商业项目,学校项目,前期项目','0'),(106124844965916,106124844965864,97310237100036,'信息管理-公告栏有效期','物业服务中心对外公示的通知、通告张贴规范，并保证在有效期内','有一项未达成，扣10分','住宅项目,商业项目,学校项目,前期项目','0'),(106124844965917,106124844965864,97310237100037,'信息管理-公告栏电话公示','在公示栏公示400服务电话、服务中心经理、管家、片区投诉电话','有一项未达成，扣10分','住宅项目,商业项目,学校项目,前期项目','0'),(106124844965918,106124844965864,97310237100028,'办公环境—办公室','前台物品整洁，设置温馨、办公室内干净、整齐、无乱堆乱放','有一项未达成，扣10分','住宅项目,商业项目,学校项目,前期项目','0'),(106124844965919,106124844965864,97310237100029,'办公环境—桌面整洁','桌面上文件摆放整洁、无个人饰物放置在办公桌面','有一项未达成，扣10分','住宅项目,商业项目,学校项目,前期项目','0'),(106124844965920,106124844965864,97310237100056,'售场管理（前期)-保洁','售场保洁必须佩戴白手套','有一项未达成，扣10分','前期项目','0'),(106124844965921,106124844965864,97310237100057,'售场管理（前期)-吧台','吧台只能一人在岗，不得在岗上吃东西，不得玩手机，吧台确保干净整洁，服务主动热情','有一项未达成，扣10分','前期项目','0'),(106124844965922,106124844965864,97310237100055,'售场管理（前期)-接待','客人进入示范区３分钟内必须将水送到位，客人离开2分钟内将水杯收回','有一项未达成，扣10分','前期项目','0'),(106124844965923,106124844965864,97310237100054,'商铺管理-商铺管理','铺面整齐，无违章摆卖，无乱扔垃圾，无非机动车乱停乱放','有一项未达成，扣10分','住宅项目,商业项目,学校项目,前期项目','0'),(106124844965924,106124844965864,97310237100031,'客户档案-业主档案','业主档案资料完整，齐全、标识清晰现场存放规范','有一项未达成，扣10分','住宅项目,商业项目,学校项目,前期项目','0'),(106124844965925,106124844965864,97310237100032,'客户档案-业主档案更新','业主档案更新及时，有电子档案，每周与销售中心进行一次业主资料移交，移交必须有书面的移交清单，清点无误双方签字确认（前期项目）','有一项未达成，扣10分','住宅项目,商业项目,学校项目,前期项目','0'),(106124844965926,106124844965864,97310237100030,'客户档案-文件柜（夹）','文件柜（夹）有统一标识，且标识清晰、无破损现象','有一项未达成，扣10分','住宅项目,商业项目,学校项目,前期项目','0'),(106124844965927,106124844965864,97310237100035,'客户管理-业主访谈计划','有月度业主访谈计划，管家按计划对业主进行访谈，月度业主访谈覆盖率10%，并做好业主访谈记录','有一项未达成，扣10分','住宅项目,商业项目,学校项目,前期项目','0'),(106124844965928,106124844965864,97310237100034,'客户管理-重点业主','每月与重点业主/关键客户的正式沟通应至少一次，每月与关键客户的沟通应至少一次','有一项未达成，扣10分','住宅项目,商业项目,学校项目,前期项目','0'),(106124844965929,106124844965864,97310237100033,'客户管理-重点客户明细表','项目有《重点客户明细表》，并按照要求每月更新','有一项未达成，扣10分','住宅项目,商业项目,学校项目,前期项目','0'),(106124844965930,106124844965864,97310237100026,'工作手册-工作指引','根据项目手册抽问部门负责人一个工作指引、工作手册的培训记录','有一项未达成，扣10分','住宅项目,商业项目,学校项目,前期项目','0'),(106124844965931,106124844965864,97310237100045,'工作记录-品质日检','品质日检记录齐全，问题处理及时','有一项未达成，扣10分','住宅项目,商业项目,学校项目,前期项目','0'),(106124844965932,106124844965864,97310237100046,'工作记录-夜间值班','有夜间值班经理排班表，并按排班表开展夜间巡查工作，在要求的巡查时间（0-6）内有重点岗位签到记录','有一项未达成，扣10分','住宅项目,商业项目,学校项目,前期项目','0'),(106124844965933,106124844965864,97310237100042,'工作记录-客户回访','客户回访及时，报修处理及时率应达到100%','有一项未达成，扣10分','住宅项目,商业项目,学校项目,前期项目','0'),(106124844965934,106124844965864,97310237100039,'工作记录-巡楼情况','巡楼记录本记录完整、巡楼有巡查情况及处理结果、每日有空置房巡查记录（至少抽查2个片区管家的巡查记录）','有一项未达成，扣10分','住宅项目,商业项目,学校项目,前期项目','0'),(106124844965935,106124844965864,97310237100041,'工作记录-投诉处理','投诉应快速处理，投诉处理及时率应达到100%、未完事项有跟进记录，有投诉处理跟进表、改进计纠正预防措施，投诉处理过程及沟通记录完整。','有一项未达成，扣10分','住宅项目,商业项目,学校项目,前期项目','0'),(106124844965936,106124844965864,97310237100040,'工作记录-报事报修记录','所有报事投诉都应有书面记录，有完整的业主报事报修记录。','有一项未达成，扣10分','住宅项目,商业项目,学校项目,前期项目','0'),(106124844965937,106124844965864,97310237100047,'工作记录-未完成报事','当天未完成报事必须转协调单，并将跟进记录填写在乐天系统内，未完成报事状态不得改为完成。','有一项未达成，扣10分','住宅项目,商业项目,学校项目,前期项目','0'),(106124844965938,106124844965864,97310237100044,'工作记录-空置房管理','物业服务中心有住宅与商铺空置房清单，每月填写空置房户内巡查记录，确保空置房内的地面、门、窗、玻璃、栏杆、配电箱等干净整洁、房内无蜘蛛网；空置房内设施设备完好；水电保持在关闭状态，每月抄录空置房水电气表读数（至少抽查5户，非同一栋楼）','有一项未达成，扣10分','住宅项目,商业项目,学校项目,前期项目','0'),(106124844965939,106124844965864,97310237100043,'工作记录-重点工作','各物业服务中心至少每月1次，将项目完成主要工作及下月重点工作，以《物业服务简报》形式向业主公布','有一项未达成，扣10分','住宅项目,商业项目,学校项目,前期项目','0'),(106124844965940,106124844965864,97310237100027,'服务规范-形象检查','在岗人员精神饱满，淡妆、使用语言规范（普通话）、着工装','有一项未达成，扣10分','住宅项目,商业项目,学校项目,前期项目','0'),(106124844965941,106124844965864,97310237100059,'样板间管理（前期)-交接表','有《样板间工作交接表》，相关注意事项（客流量统计、工程维修、当日未完成事项）、工作交接清晰无误','有一项未达成，扣10分','前期项目','0'),(106124844965942,106124844965864,97310237100058,'样板间管理（前期)-售场','项目各部门管理人员每天对售场进行巡查并做好签到','有一项未达成，扣10分','前期项目','0'),(106124844965943,106124844965864,97310237100060,'样板间管理（前期)-物品管理','样板间物品每日清点，实物与清单数据相符，异常情况及时上报，并有记录','有一项未达成，扣10分','前期项目','0'),(106124844965968,106124844965864,97310237100061,'样板间管理（前期)-讲解','礼貌接待所有参观客户，并按《样板间解说词》为参观客户提供讲解服务','有一项未达成，扣10分','前期项目','0'),(106124844965969,106124844965864,97310237100049,'装修管理-装修巡查','每日管家、安全、工程对装修进行巡查，并做好巡查记录','有一项未达成，扣10分','住宅项目,商业项目,学校项目,前期项目','0'),(106124844965970,106124844965864,97310237100048,'装修管理-装修汇总表','各项目应有装修汇总表','有一项未达成，扣10分','住宅项目,商业项目,学校项目,前期项目','0'),(106124844965971,106124844965864,97310237100050,'装修管理-违规装修','对违规装修户有相应的违章整改通知书及跟进记录','有一项未达成，扣10分','住宅项目,商业项目,学校项目,前期项目','0'),(106124845163416,106124845163408,97310237100011,'办公环境-办公室','办公室（工作间）内干净、整齐、无乱堆乱放，桌面上文件摆放整洁','有一项未达成，扣10分','住宅项目,商业项目,学校项目,前期项目','1'),(106124845163417,106124845163408,97310237100025,'抽查项-员工培训','早晚会情况、周期性培训情况及员工培训效果抽查','有一项未达成，扣10分','住宅项目,商业项目,学校项目,前期项目','0'),(106124845163418,106124845163408,97310237100023,'抽查项-天台、外墙','天台地面情况、天台排水沟情况、低位外墙情况','有一项未达成，扣10分','住宅项目,商业项目,学校项目,前期项目','0'),(106124845163419,106124845163408,97310237100024,'抽查项-有害生物防治','有害生物防治的告示及警示提示、作业人员的防护措施情况','有一项未达成，扣10分','住宅项目,商业项目,学校项目,前期项目','0'),(106124845163420,106124845163408,97310237100012,'文件管理-档案及日检记录','品质日检记录齐全，派工单情况、档案管理情况','有一项未达成，扣10分','住宅项目,商业项目,学校项目,前期项目','1'),(106124845163421,106124845163408,97310237100010,'服务规范-在岗人员','在岗人员头发发套盘好、着工装、讲普通话、黑色鞋子、公区工作警示情况','有一项未达成，扣10分','住宅项目,商业项目,学校项目,前期项目','1'),(106124845163422,106124845163408,97310237100022,'设施设备-保洁机具、物料','保洁类设施设备的保养及使用情况、药剂管理情况、物料的规范摆放情况','有一项未达成，扣10分','住宅项目,商业项目,学校项目,前期项目','1'),(106124845163423,106124845163408,97310237100021,'重点检查项-外包单位的管控','外包单位工作记录、人员管控、考勤情况','有一项未达成，扣10分','住宅项目,商业项目,学校项目,前期项目','1'),(106124845163424,106124845163408,97310237100013,'重点检查项-大堂','天、地、墙情况、垃圾桶、烟灰缸、设施设备、玻璃、警示标示','有一项未达成，扣10分','住宅项目,商业项目,学校项目,前期项目','1'),(106124845163425,106124845163408,97310237100018,'重点检查项-室外公区区域','道路、地面情况、垃圾桶情况、积水（雪）处理情况、','有一项未达成，扣10分','住宅项目,商业项目,学校项目,前期项目','1'),(106124845163426,106124845163408,97310237100014,'重点检查项-楼层','天、地、墙情况、垃圾桶、设施设备、玻璃、警示标示','有一项未达成，扣10分','住宅项目,商业项目,学校项目,前期项目','1'),(106124845163427,106124845163408,97310237100020,'重点检查项-水景','水质情况、漂浮物、警示标示、水景石材情况','有一项未达成，扣10分','住宅项目,商业项目,学校项目,前期项目','1'),(106124845163428,106124845163408,97310237100016,'重点检查项-洗手间','天、地、墙情况、垃圾桶、台面、面盆、玻璃、镜面、警示标示、卫生间异味、纸巾更换情况','有一项未达成，扣10分','住宅项目,商业项目,学校项目,前期项目','1'),(106124845163429,106124845163408,97310237100019,'重点检查项-生活垃圾(建筑垃圾）','垃圾袋的情况、电梯使用情况、日常日清、清运时段、垃圾房情况','有一项未达成，扣10分','住宅项目,商业项目,学校项目,前期项目','1'),(106124845163430,106124845163408,97310237100015,'重点检查项-电梯轿厢','天、地、墙情况、不锈钢的保养情况','有一项未达成，扣10分','住宅项目,商业项目,学校项目,前期项目','1'),(106124845163431,106124845163408,97310237100017,'重点检查项-车库','天、地、墙情况、垃圾桶、设施设备、警示标示','有一项未达成，扣10分','住宅项目,商业项目,学校项目,前期项目','1'),(106124845383264,106124845383256,97310237100011,'办公环境-办公室','办公室（工作间）内干净、整齐、无乱堆乱放，桌面上文件摆放整洁','有一项未达成，扣10分','住宅项目,商业项目,学校项目,前期项目','1'),(106124845383265,106124845383256,97310237100025,'抽查项-员工培训','早晚会情况、周期性培训情况及员工培训效果抽查','有一项未达成，扣10分','住宅项目,商业项目,学校项目,前期项目','0'),(106124845383266,106124845383256,97310237100023,'抽查项-天台、外墙','天台地面情况、天台排水沟情况、低位外墙情况','有一项未达成，扣10分','住宅项目,商业项目,学校项目,前期项目','0'),(106124845383267,106124845383256,97310237100024,'抽查项-有害生物防治','有害生物防治的告示及警示提示、作业人员的防护措施情况','有一项未达成，扣10分','住宅项目,商业项目,学校项目,前期项目','0'),(106124845383268,106124845383256,97310237100012,'文件管理-档案及日检记录','品质日检记录齐全，派工单情况、档案管理情况','有一项未达成，扣10分','住宅项目,商业项目,学校项目,前期项目','1'),(106124845383269,106124845383256,97310237100010,'服务规范-在岗人员','在岗人员头发发套盘好、着工装、讲普通话、黑色鞋子、公区工作警示情况','有一项未达成，扣10分','住宅项目,商业项目,学校项目,前期项目','1'),(106124845383270,106124845383256,97310237100022,'设施设备-保洁机具、物料','保洁类设施设备的保养及使用情况、药剂管理情况、物料的规范摆放情况','有一项未达成，扣10分','住宅项目,商业项目,学校项目,前期项目','1'),(106124845383271,106124845383256,97310237100021,'重点检查项-外包单位的管控','外包单位工作记录、人员管控、考勤情况','有一项未达成，扣10分','住宅项目,商业项目,学校项目,前期项目','1'),(106124845383272,106124845383256,97310237100013,'重点检查项-大堂','天、地、墙情况、垃圾桶、烟灰缸、设施设备、玻璃、警示标示','有一项未达成，扣10分','住宅项目,商业项目,学校项目,前期项目','1'),(106124845383273,106124845383256,97310237100018,'重点检查项-室外公区区域','道路、地面情况、垃圾桶情况、积水（雪）处理情况、','有一项未达成，扣10分','住宅项目,商业项目,学校项目,前期项目','1'),(106124845383274,106124845383256,97310237100014,'重点检查项-楼层','天、地、墙情况、垃圾桶、设施设备、玻璃、警示标示','有一项未达成，扣10分','住宅项目,商业项目,学校项目,前期项目','1'),(106124845383275,106124845383256,97310237100020,'重点检查项-水景','水质情况、漂浮物、警示标示、水景石材情况','有一项未达成，扣10分','住宅项目,商业项目,学校项目,前期项目','1'),(106124845383276,106124845383256,97310237100016,'重点检查项-洗手间','天、地、墙情况、垃圾桶、台面、面盆、玻璃、镜面、警示标示、卫生间异味、纸巾更换情况','有一项未达成，扣10分','住宅项目,商业项目,学校项目,前期项目','1'),(106124845383277,106124845383256,97310237100019,'重点检查项-生活垃圾(建筑垃圾）','垃圾袋的情况、电梯使用情况、日常日清、清运时段、垃圾房情况','有一项未达成，扣10分','住宅项目,商业项目,学校项目,前期项目','1'),(106124845383278,106124845383256,97310237100015,'重点检查项-电梯轿厢','天、地、墙情况、不锈钢的保养情况','有一项未达成，扣10分','住宅项目,商业项目,学校项目,前期项目','1'),(106124845383279,106124845383256,97310237100017,'重点检查项-车库','天、地、墙情况、垃圾桶、设施设备、警示标示','有一项未达成，扣10分','住宅项目,商业项目,学校项目,前期项目','1'),(106124845560440,106124845560432,97310237100011,'办公环境-办公室','办公室（工作间）内干净、整齐、无乱堆乱放，桌面上文件摆放整洁','有一项未达成，扣10分','住宅项目,商业项目,学校项目,前期项目','0'),(106124845560441,106124845560432,97310237100025,'抽查项-员工培训','早晚会情况、周期性培训情况及员工培训效果抽查','有一项未达成，扣10分','住宅项目,商业项目,学校项目,前期项目','0'),(106124845560442,106124845560432,97310237100023,'抽查项-天台、外墙','天台地面情况、天台排水沟情况、低位外墙情况','有一项未达成，扣10分','住宅项目,商业项目,学校项目,前期项目','0'),(106124845560443,106124845560432,97310237100024,'抽查项-有害生物防治','有害生物防治的告示及警示提示、作业人员的防护措施情况','有一项未达成，扣10分','住宅项目,商业项目,学校项目,前期项目','0'),(106124845560444,106124845560432,97310237100012,'文件管理-档案及日检记录','品质日检记录齐全，派工单情况、档案管理情况','有一项未达成，扣10分','住宅项目,商业项目,学校项目,前期项目','0'),(106124845560445,106124845560432,97310237100010,'服务规范-在岗人员','在岗人员头发发套盘好、着工装、讲普通话、黑色鞋子、公区工作警示情况','有一项未达成，扣10分','住宅项目,商业项目,学校项目,前期项目','0'),(106124845560446,106124845560432,97310237100022,'设施设备-保洁机具、物料','保洁类设施设备的保养及使用情况、药剂管理情况、物料的规范摆放情况','有一项未达成，扣10分','住宅项目,商业项目,学校项目,前期项目','0'),(106124845560447,106124845560432,97310237100021,'重点检查项-外包单位的管控','外包单位工作记录、人员管控、考勤情况','有一项未达成，扣10分','住宅项目,商业项目,学校项目,前期项目','0'),(106124845560448,106124845560432,97310237100013,'重点检查项-大堂','天、地、墙情况、垃圾桶、烟灰缸、设施设备、玻璃、警示标示','有一项未达成，扣10分','住宅项目,商业项目,学校项目,前期项目','0'),(106124845560449,106124845560432,97310237100018,'重点检查项-室外公区区域','道路、地面情况、垃圾桶情况、积水（雪）处理情况、','有一项未达成，扣10分','住宅项目,商业项目,学校项目,前期项目','0'),(106124845560450,106124845560432,97310237100014,'重点检查项-楼层','天、地、墙情况、垃圾桶、设施设备、玻璃、警示标示','有一项未达成，扣10分','住宅项目,商业项目,学校项目,前期项目','0'),(106124845560451,106124845560432,97310237100020,'重点检查项-水景','水质情况、漂浮物、警示标示、水景石材情况','有一项未达成，扣10分','住宅项目,商业项目,学校项目,前期项目','0'),(106124845560452,106124845560432,97310237100016,'重点检查项-洗手间','天、地、墙情况、垃圾桶、台面、面盆、玻璃、镜面、警示标示、卫生间异味、纸巾更换情况','有一项未达成，扣10分','住宅项目,商业项目,学校项目,前期项目','0'),(106124845560453,106124845560432,97310237100019,'重点检查项-生活垃圾(建筑垃圾）','垃圾袋的情况、电梯使用情况、日常日清、清运时段、垃圾房情况','有一项未达成，扣10分','住宅项目,商业项目,学校项目,前期项目','0'),(106124845560454,106124845560432,97310237100015,'重点检查项-电梯轿厢','天、地、墙情况、不锈钢的保养情况','有一项未达成，扣10分','住宅项目,商业项目,学校项目,前期项目','0'),(106124845560455,106124845560432,97310237100017,'重点检查项-车库','天、地、墙情况、垃圾桶、设施设备、警示标示','有一项未达成，扣10分','住宅项目,商业项目,学校项目,前期项目','0'),(106124845690856,106124845690848,97310237100000,'工作手册-工作指引','抽问部门负责人一个工作指引','关键词无误','住宅项目,商业项目,学校项目,前期项目','1'),(106124845690857,106124845690848,97310237100009,'工作记录-日常养护记录','检查植物养护记录本、日常巡检、乔木清单目录及更新状态、施药施肥、病虫害防治记录(必检）','记录齐全、完整，处理及时，填写清晰规范，乔木清单有目录，每月更新','住宅项目,商业项目,学校项目,前期项目','1'),(106124845690858,106124845690848,97310237100001,'服务规范-BI规范','检查在岗人员仪容仪貌、礼仪礼节、方向指引动作','精神饱满，言语规范，着工装，主动问好，方向指引动作规范','住宅项目,商业项目,学校项目,前期项目','1'),(106124845690859,106124845690848,97310237100002,'现场标准-乔木养护','检查乔木生长情况，病虫害防治、修剪、支撑固定、有无机械损伤、死树枯枝清理、古树名木养护','无机械掉皮损伤，无病虫害，乔木修剪有警戒标识，行道树下缘枝高于2.5m，不阻挡视线，倾斜植物有支撑固定，古树名木有铭牌','住宅项目,商业项目,学校项目,前期项目','1'),(106124845690860,106124845690848,97310237100007,'现场标准-垂直绿化养护','检查植物生长情况及覆盖率','生长旺盛，修剪整齐，不影响通行、红外监控等设施设备的正常运作，生长期覆盖率在95%以上','住宅项目,商业项目,学校项目,前期项目','1'),(106124845690861,106124845690848,97310237100008,'现场标准-室内绿化养护','检查室内盆栽生长情况，病虫害，容器清洁','植物生长旺盛，无病虫害，无干枯枝，叶面光亮洁净无灰尘，花盆、托盆干净无泥沙，杂物','住宅项目,商业项目,学校项目,前期项目','1'),(106124845690862,106124845690848,97310237100003,'现场标准-庭院养护','检查庭院植被养护情况','无死树、枯枝、缺株现象及无踩踏现象等','住宅项目,商业项目,学校项目,前期项目','1'),(106124845690863,106124845690848,97310237100006,'现场标准-水生植物养护','检查水生植物日常生长情况、病虫害防治','无枯叶、死株，无倾倒吹翻现象，无病虫害','住宅项目,商业项目,学校项目,前期项目','1'),(106124845690864,106124845690848,97310237100004,'现场标准-灌木养护','抽查灌木生长情况，补栽补种、病虫害防治、整形修剪、无缺株、串株死苗、杂草，标识使用正确、抗旱防冻','补栽补种因地适宜、无缺死株、串株现象，无病虫害、带状灌木横平竖直，线条流畅，灌木与灌木带界限2-3cm，球状灌木饱满，更新、翻种，长势不好灌木有标识，灌木带内无杂草，根据气温和植物特性进行抗旱防冻','住宅项目,商业项目,学校项目,前期项目','1'),(106124845690865,106124845690848,97310237100005,'现场标准-草坪养护','检查草坪修剪、切边、杂草、补栽补种、绿化带清洁、标识','草坪高度保持在5-8cm以内，冬季高度在10-15cm以内，100㎡内不超过0.5㎡裸地，线条流畅清晰，无杂物杂草，无裸土，补栽补种符合要求，标识准确，新植草坪需设防护装置','住宅项目,商业项目,学校项目,前期项目','1'),(106124845830800,106124845830792,97310237100000,'工作手册-工作指引','抽问部门负责人一个工作指引','关键词无误','住宅项目,商业项目,学校项目,前期项目','1'),(106124845830801,106124845830792,97310237100009,'工作记录-日常养护记录','检查植物养护记录本、日常巡检、乔木清单目录及更新状态、施药施肥、病虫害防治记录(必检）','记录齐全、完整，处理及时，填写清晰规范，乔木清单有目录，每月更新','住宅项目,商业项目,学校项目,前期项目','1'),(106124845830802,106124845830792,97310237100001,'服务规范-BI规范','检查在岗人员仪容仪貌、礼仪礼节、方向指引动作','精神饱满，言语规范，着工装，主动问好，方向指引动作规范','住宅项目,商业项目,学校项目,前期项目','1'),(106124845830803,106124845830792,97310237100002,'现场标准-乔木养护','检查乔木生长情况，病虫害防治、修剪、支撑固定、有无机械损伤、死树枯枝清理、古树名木养护','无机械掉皮损伤，无病虫害，乔木修剪有警戒标识，行道树下缘枝高于2.5m，不阻挡视线，倾斜植物有支撑固定，古树名木有铭牌','住宅项目,商业项目,学校项目,前期项目','1'),(106124845830804,106124845830792,97310237100007,'现场标准-垂直绿化养护','检查植物生长情况及覆盖率','生长旺盛，修剪整齐，不影响通行、红外监控等设施设备的正常运作，生长期覆盖率在95%以上','住宅项目,商业项目,学校项目,前期项目','1'),(106124845830805,106124845830792,97310237100008,'现场标准-室内绿化养护','检查室内盆栽生长情况，病虫害，容器清洁','植物生长旺盛，无病虫害，无干枯枝，叶面光亮洁净无灰尘，花盆、托盆干净无泥沙，杂物','住宅项目,商业项目,学校项目,前期项目','1'),(106124845830806,106124845830792,97310237100003,'现场标准-庭院养护','检查庭院植被养护情况','无死树、枯枝、缺株现象及无踩踏现象等','住宅项目,商业项目,学校项目,前期项目','1'),(106124845830807,106124845830792,97310237100006,'现场标准-水生植物养护','检查水生植物日常生长情况、病虫害防治','无枯叶、死株，无倾倒吹翻现象，无病虫害','住宅项目,商业项目,学校项目,前期项目','1'),(106124845830808,106124845830792,97310237100004,'现场标准-灌木养护','抽查灌木生长情况，补栽补种、病虫害防治、整形修剪、无缺株、串株死苗、杂草，标识使用正确、抗旱防冻','补栽补种因地适宜、无缺死株、串株现象，无病虫害、带状灌木横平竖直，线条流畅，灌木与灌木带界限2-3cm，球状灌木饱满，更新、翻种，长势不好灌木有标识，灌木带内无杂草，根据气温和植物特性进行抗旱防冻','住宅项目,商业项目,学校项目,前期项目','1'),(106124845830809,106124845830792,97310237100005,'现场标准-草坪养护','检查草坪修剪、切边、杂草、补栽补种、绿化带清洁、标识','草坪高度保持在5-8cm以内，冬季高度在10-15cm以内，100㎡内不超过0.5㎡裸地，线条流畅清晰，无杂物杂草，无裸土，补栽补种符合要求，标识准确，新植草坪需设防护装置','住宅项目,商业项目,学校项目,前期项目','1'),(106124845985280,106124845985272,97310237100000,'工作手册-工作指引','抽问部门负责人一个工作指引','关键词无误','住宅项目,商业项目,学校项目,前期项目','0'),(106124845985281,106124845985272,97310237100009,'工作记录-日常养护记录','检查植物养护记录本、日常巡检、乔木清单目录及更新状态、施药施肥、病虫害防治记录(必检）','记录齐全、完整，处理及时，填写清晰规范，乔木清单有目录，每月更新','住宅项目,商业项目,学校项目,前期项目','0'),(106124845985282,106124845985272,97310237100001,'服务规范-BI规范','检查在岗人员仪容仪貌、礼仪礼节、方向指引动作','精神饱满，言语规范，着工装，主动问好，方向指引动作规范','住宅项目,商业项目,学校项目,前期项目','0'),(106124845985283,106124845985272,97310237100002,'现场标准-乔木养护','检查乔木生长情况，病虫害防治、修剪、支撑固定、有无机械损伤、死树枯枝清理、古树名木养护','无机械掉皮损伤，无病虫害，乔木修剪有警戒标识，行道树下缘枝高于2.5m，不阻挡视线，倾斜植物有支撑固定，古树名木有铭牌','住宅项目,商业项目,学校项目,前期项目','0'),(106124845985284,106124845985272,97310237100007,'现场标准-垂直绿化养护','检查植物生长情况及覆盖率','生长旺盛，修剪整齐，不影响通行、红外监控等设施设备的正常运作，生长期覆盖率在95%以上','住宅项目,商业项目,学校项目,前期项目','0'),(106124845985285,106124845985272,97310237100008,'现场标准-室内绿化养护','检查室内盆栽生长情况，病虫害，容器清洁','植物生长旺盛，无病虫害，无干枯枝，叶面光亮洁净无灰尘，花盆、托盆干净无泥沙，杂物','住宅项目,商业项目,学校项目,前期项目','0'),(106124845985286,106124845985272,97310237100003,'现场标准-庭院养护','检查庭院植被养护情况','无死树、枯枝、缺株现象及无踩踏现象等','住宅项目,商业项目,学校项目,前期项目','0'),(106124845985287,106124845985272,97310237100006,'现场标准-水生植物养护','检查水生植物日常生长情况、病虫害防治','无枯叶、死株，无倾倒吹翻现象，无病虫害','住宅项目,商业项目,学校项目,前期项目','0'),(106124845985288,106124845985272,97310237100004,'现场标准-灌木养护','抽查灌木生长情况，补栽补种、病虫害防治、整形修剪、无缺株、串株死苗、杂草，标识使用正确、抗旱防冻','补栽补种因地适宜、无缺死株、串株现象，无病虫害、带状灌木横平竖直，线条流畅，灌木与灌木带界限2-3cm，球状灌木饱满，更新、翻种，长势不好灌木有标识，灌木带内无杂草，根据气温和植物特性进行抗旱防冻','住宅项目,商业项目,学校项目,前期项目','0'),(106124845985289,106124845985272,97310237100005,'现场标准-草坪养护','检查草坪修剪、切边、杂草、补栽补种、绿化带清洁、标识','草坪高度保持在5-8cm以内，冬季高度在10-15cm以内，100㎡内不超过0.5㎡裸地，线条流畅清晰，无杂物杂草，无裸土，补栽补种符合要求，标识准确，新植草坪需设防护装置','住宅项目,商业项目,学校项目,前期项目','0'),(106124885350112,106124885350104,97310237100091,'中控室—6S','岗亭/岗位6S','1.监控室内干净、整齐、无乱堆乱放；\n2.文件柜（夹）有统一标识，且标识清晰、无破损现象，所用文件资料更新及时并有效。','住宅项目,商业项目,学校项目,前期项目','1'),(106124885350113,106124885350104,97310237100092,'中控室—人员出入','1.内部管理人员进出\n2.维保单位人员进出\n3.其它人员进出','1.所有人员进出监控中心需要进行登记\n2.维保单位进出需要安全主管陪同或同意\n3.其它人员进出中控室需主管陪同或同意','住宅项目,商业项目,学校项目,前期项目','1'),(106124885350114,106124885350104,97310237100090,'中控室—监控设备','1.设备运行\n2.设备操作\n3.故障记录','1.设备完好，设备故障有记录、有报事\n2.会视频切换、回放；会手动自动切换；会消音旁路复位；会使用消防广播。','住宅项目,商业项目,学校项目,前期项目','0'),(106124885350115,106124885350104,97310237100093,'中控室—钥匙管理','1.公共区域钥匙\n2.岗位备用钥匙','1.钥匙名称有标志\n2.钥匙存放有专柜\n3.钥匙管理有制度','住宅项目,商业项目,学校项目,前期项目','0'),(106124885350116,106124885350104,97310237100098,'内务管理—6S','宿舍6S','1.床架、物品摆放须整齐；\n2.衣服及其他生活用品须存入指定的地方或柜内，床头不准晾挂衣物，无乱摆放现象；\n3.宿舍内有卫生、值日安排表及相关管理制度','住宅项目,商业项目,学校项目,前期项目','0'),(106124890558344,106124890558336,97310237100073,'办公环境-办公室','办公室（工作间）内干净、整齐、无乱堆乱放，桌面上文件摆放整洁','发现一项问题，按问题性质扣0-10分','住宅项目,商业项目,学校项目,前期项目','1'),(106124890558345,106124890558336,97310237100074,'办公环境-档案管理','品质日检记录齐全，问题关闭情况、派工单情况、项目安全隐患排查情况设备运行档案、各种表格、文件柜（夹）有统一标识，且标识清晰、无破损现象','发现一项问题，按问题性质扣0-10分','住宅项目,商业项目,学校项目,前期项目','1'),(106124890558346,106124890558336,97310237100070,'抽查项-公共区域','电梯前室、楼道、车库照明完好率、、楼道公区墙砖脱落情况、景观石材铺贴情况、景观照明开关时间、灯具锈蚀及损坏情况、配电箱情况','发现一项问题，按问题性质扣0-10分','住宅项目,商业项目,学校项目,前期项目','0'),(106124890558347,106124890558336,97310237100071,'抽查项-前介工作','档案管理情况、前介周报、月报、分户验收档案、监理例会资料、函件、重项问题照片','发现一项问题，按问题性质扣0-10分','住宅项目,商业项目,学校项目,前期项目','0'),(106124890558348,106124890558336,97310237100068,'抽查项-电梯机房','电梯机房设备运行情况、档案资料、轿顶、轿底清洁状态、乘坐感受、通风系统、机房降温系统、漏水情况、安全配件、干湿温度计','发现一项问题，按问题性质扣0-10分','住宅项目,商业项目,学校项目,前期项目','0'),(106124890558349,106124890558336,97310237100067,'抽查项-车库排水','车库排水设施运行情况、配电箱情况、坑内情况、漏水情况、手动自动情况、锈蚀情况、阀体运行情况','发现一项问题，按问题性质扣0-10分','住宅项目,商业项目,学校项目,前期项目','0'),(106124890558350,106124890558336,97310237100069,'抽查项-配电箱柜','二级、三级配电箱柜逻辑系统、柜体内清洁情况、接线规范、显示及操作情况、锁闭情况、锈蚀情况','发现一项问题，按问题性质扣0-10分','住宅项目,商业项目,学校项目,前期项目','0'),(106124890558351,106124890558336,97310237100072,'服务规范-在岗人员','在岗人员边幅修整情况、着工装、讲普通话、穿皮鞋、公区工作警示情况、工具使用情况','发现一项问题，按问题性质扣0-10分','住宅项目,商业项目,学校项目,前期项目','0'),(106124890558352,106124890558336,97310237100076,'系统联动','消防系统联动运行情况、风机手动自动切换情况、防火卷帘门运行情况、末端水压验证情况、背景音乐、道闸、翼闸、门禁系统','发现一项问题，按问题性质扣0-10分','住宅项目,商业项目,学校项目,前期项目','0'),(106124890558353,106124890558336,97310237100075,'设施设备-水景设备','水景设备运行正常、运行时间公告牌、配电柜情况、渗漏情况、水体石材铺贴情况','发现一项问题，按问题性质扣0-10分','住宅项目,商业项目,学校项目,前期项目','0'),(106124890558354,106124890558336,97310237100065,'重点检查项-发电机房','发电机房清洁状态、柴油油料、运行测试记录、机油油位、冷却液液位、机房排风、应急照明，灭火器、干湿温度计、设备运行状态、电瓶情况、配电屏情况、防小动物措施','发现一项问题，按问题性质扣0-10分','住宅项目,商业项目,学校项目,前期项目','0'),(106124890558355,106124890558336,97310237100064,'重点检查项-消防中控室','消防中控室各监控点位情况、消防主机报警情况、录像保存时间、应急照明，灭火器、干湿温度计、设备运行状态、末端配电箱、设备清洁、降温设备、防小动物措施','发现一项问题，按问题性质扣0-10分','住宅项目,商业项目,学校项目,前期项目','0'),(106124890558356,106124890558336,97310237100063,'重点检查项-消防水泵房','消防水泵房内清洁状态、档案记录、防小动物措施、各仪表显示情况、水泵盘车状态、联动信号、模拟启动、排水措施、渗水情况、应急照明，灭火器、干湿温度计、设备运行状态、通风系统、配电柜状态、锈蚀情况','发现一项问题，按问题性质扣0-10分','住宅项目,商业项目,学校项目,前期项目','0'),(106124890558357,106124890558336,97310237100066,'重点检查项-生活水泵房','生活水泵房清洁状态、档案资料、各仪表显示情况、应急照明，灭火器、干湿温度计、设备运行情况、漏水情况、配电柜、通风系统、防小动物措施','发现一项问题，按问题性质扣0-10分','住宅项目,商业项目,学校项目,前期项目','0'),(106124890558358,106124890558336,97310237100062,'重点检查项-配电房','配电房内清洁状态、档案记录、防小动物措施、各仪表显示情况、功率因素、补偿电容、标示系统、开关状态、应急照明，灭火器、干湿温度计、设备运行状态、通风系统、直流屏情况、降温系统','发现一项问题，按问题性质扣0-10分','住宅项目,商业项目,学校项目,前期项目','0'),(106129751603368,106129751603336,97310237100073,'办公环境-办公室','办公室（工作间）内干净、整齐、无乱堆乱放，桌面上文件摆放整洁','发现一项问题，按问题性质扣0-10分','住宅项目,商业项目,学校项目,前期项目','1'),(106129751603369,106129751603336,97310237100074,'办公环境-档案管理','品质日检记录齐全，问题关闭情况、派工单情况、项目安全隐患排查情况设备运行档案、各种表格、文件柜（夹）有统一标识，且标识清晰、无破损现象','发现一项问题，按问题性质扣0-10分','住宅项目,商业项目,学校项目,前期项目','1'),(106129751603370,106129751603336,97310237100070,'抽查项-公共区域','电梯前室、楼道、车库照明完好率、、楼道公区墙砖脱落情况、景观石材铺贴情况、景观照明开关时间、灯具锈蚀及损坏情况、配电箱情况','发现一项问题，按问题性质扣0-10分','住宅项目,商业项目,学校项目,前期项目','0'),(106132512057888,106132512057880,97310237100073,'办公环境-办公室','办公室（工作间）内干净、整齐、无乱堆乱放，桌面上文件摆放整洁','发现一项问题，按问题性质扣0-10分','住宅项目,商业项目,学校项目,前期项目','0'),(106132512057889,106132512057880,97310237100074,'办公环境-档案管理','品质日检记录齐全，问题关闭情况、派工单情况、项目安全隐患排查情况设备运行档案、各种表格、文件柜（夹）有统一标识，且标识清晰、无破损现象','发现一项问题，按问题性质扣0-10分','住宅项目,商业项目,学校项目,前期项目','0'),(106132512057890,106132512057880,97310237100070,'抽查项-公共区域','电梯前室、楼道、车库照明完好率、、楼道公区墙砖脱落情况、景观石材铺贴情况、景观照明开关时间、灯具锈蚀及损坏情况、配电箱情况','发现一项问题，按问题性质扣0-10分','住宅项目,商业项目,学校项目,前期项目','0'),(106132512057891,106132512057880,97310237100071,'抽查项-前介工作','档案管理情况、前介周报、月报、分户验收档案、监理例会资料、函件、重项问题照片','发现一项问题，按问题性质扣0-10分','住宅项目,商业项目,学校项目,前期项目','1'),(106132512057892,106132512057880,97310237100068,'抽查项-电梯机房','电梯机房设备运行情况、档案资料、轿顶、轿底清洁状态、乘坐感受、通风系统、机房降温系统、漏水情况、安全配件、干湿温度计','发现一项问题，按问题性质扣0-10分','住宅项目,商业项目,学校项目,前期项目','0'),(106132512057893,106132512057880,97310237100067,'抽查项-车库排水','车库排水设施运行情况、配电箱情况、坑内情况、漏水情况、手动自动情况、锈蚀情况、阀体运行情况','发现一项问题，按问题性质扣0-10分','住宅项目,商业项目,学校项目,前期项目','0'),(106132512057894,106132512057880,97310237100069,'抽查项-配电箱柜','二级、三级配电箱柜逻辑系统、柜体内清洁情况、接线规范、显示及操作情况、锁闭情况、锈蚀情况','发现一项问题，按问题性质扣0-10分','住宅项目,商业项目,学校项目,前期项目','0'),(106132512057895,106132512057880,97310237100072,'服务规范-在岗人员','在岗人员边幅修整情况、着工装、讲普通话、穿皮鞋、公区工作警示情况、工具使用情况','发现一项问题，按问题性质扣0-10分','住宅项目,商业项目,学校项目,前期项目','0'),(106132512057896,106132512057880,97310237100076,'系统联动','消防系统联动运行情况、风机手动自动切换情况、防火卷帘门运行情况、末端水压验证情况、背景音乐、道闸、翼闸、门禁系统','发现一项问题，按问题性质扣0-10分','住宅项目,商业项目,学校项目,前期项目','0'),(106132512057897,106132512057880,97310237100075,'设施设备-水景设备','水景设备运行正常、运行时间公告牌、配电柜情况、渗漏情况、水体石材铺贴情况','发现一项问题，按问题性质扣0-10分','住宅项目,商业项目,学校项目,前期项目','0'),(106132512057898,106132512057880,97310237100065,'重点检查项-发电机房','发电机房清洁状态、柴油油料、运行测试记录、机油油位、冷却液液位、机房排风、应急照明，灭火器、干湿温度计、设备运行状态、电瓶情况、配电屏情况、防小动物措施','发现一项问题，按问题性质扣0-10分','住宅项目,商业项目,学校项目,前期项目','1'),(106132512057899,106132512057880,97310237100064,'重点检查项-消防中控室','消防中控室各监控点位情况、消防主机报警情况、录像保存时间、应急照明，灭火器、干湿温度计、设备运行状态、末端配电箱、设备清洁、降温设备、防小动物措施','发现一项问题，按问题性质扣0-10分','住宅项目,商业项目,学校项目,前期项目','1'),(106132512057900,106132512057880,97310237100063,'重点检查项-消防水泵房','消防水泵房内清洁状态、档案记录、防小动物措施、各仪表显示情况、水泵盘车状态、联动信号、模拟启动、排水措施、渗水情况、应急照明，灭火器、干湿温度计、设备运行状态、通风系统、配电柜状态、锈蚀情况','发现一项问题，按问题性质扣0-10分','住宅项目,商业项目,学校项目,前期项目','1'),(106132512057901,106132512057880,97310237100066,'重点检查项-生活水泵房','生活水泵房清洁状态、档案资料、各仪表显示情况、应急照明，灭火器、干湿温度计、设备运行情况、漏水情况、配电柜、通风系统、防小动物措施','发现一项问题，按问题性质扣0-10分','住宅项目,商业项目,学校项目,前期项目','1'),(106132512057902,106132512057880,97310237100062,'重点检查项-配电房','配电房内清洁状态、档案记录、防小动物措施、各仪表显示情况、功率因素、补偿电容、标示系统、开关状态、应急照明，灭火器、干湿温度计、设备运行状态、通风系统、直流屏情况、降温系统','发现一项问题，按问题性质扣0-10分','住宅项目,商业项目,学校项目,前期项目','1'),(106132566508384,106132566508376,97310237100073,'办公环境-办公室','办公室（工作间）内干净、整齐、无乱堆乱放，桌面上文件摆放整洁','发现一项问题，按问题性质扣0-10分','住宅项目,商业项目,学校项目,前期项目','0'),(106132566508385,106132566508376,97310237100074,'办公环境-档案管理','品质日检记录齐全，问题关闭情况、派工单情况、项目安全隐患排查情况设备运行档案、各种表格、文件柜（夹）有统一标识，且标识清晰、无破损现象','发现一项问题，按问题性质扣0-10分','住宅项目,商业项目,学校项目,前期项目','0'),(106132566508386,106132566508376,97310237100070,'抽查项-公共区域','电梯前室、楼道、车库照明完好率、、楼道公区墙砖脱落情况、景观石材铺贴情况、景观照明开关时间、灯具锈蚀及损坏情况、配电箱情况','发现一项问题，按问题性质扣0-10分','住宅项目,商业项目,学校项目,前期项目','0'),(106132566508387,106132566508376,97310237100071,'抽查项-前介工作','档案管理情况、前介周报、月报、分户验收档案、监理例会资料、函件、重项问题照片','发现一项问题，按问题性质扣0-10分','住宅项目,商业项目,学校项目,前期项目','0'),(106132566508388,106132566508376,97310237100068,'抽查项-电梯机房','电梯机房设备运行情况、档案资料、轿顶、轿底清洁状态、乘坐感受、通风系统、机房降温系统、漏水情况、安全配件、干湿温度计','发现一项问题，按问题性质扣0-10分','住宅项目,商业项目,学校项目,前期项目','0'),(106132566508389,106132566508376,97310237100067,'抽查项-车库排水','车库排水设施运行情况、配电箱情况、坑内情况、漏水情况、手动自动情况、锈蚀情况、阀体运行情况','发现一项问题，按问题性质扣0-10分','住宅项目,商业项目,学校项目,前期项目','0'),(106132566508390,106132566508376,97310237100069,'抽查项-配电箱柜','二级、三级配电箱柜逻辑系统、柜体内清洁情况、接线规范、显示及操作情况、锁闭情况、锈蚀情况','发现一项问题，按问题性质扣0-10分','住宅项目,商业项目,学校项目,前期项目','0'),(106132566508391,106132566508376,97310237100072,'服务规范-在岗人员','在岗人员边幅修整情况、着工装、讲普通话、穿皮鞋、公区工作警示情况、工具使用情况','发现一项问题，按问题性质扣0-10分','住宅项目,商业项目,学校项目,前期项目','0'),(106132566508392,106132566508376,97310237100076,'系统联动','消防系统联动运行情况、风机手动自动切换情况、防火卷帘门运行情况、末端水压验证情况、背景音乐、道闸、翼闸、门禁系统','发现一项问题，按问题性质扣0-10分','住宅项目,商业项目,学校项目,前期项目','0'),(106132566508393,106132566508376,97310237100075,'设施设备-水景设备','水景设备运行正常、运行时间公告牌、配电柜情况、渗漏情况、水体石材铺贴情况','发现一项问题，按问题性质扣0-10分','住宅项目,商业项目,学校项目,前期项目','0'),(106132566508394,106132566508376,97310237100065,'重点检查项-发电机房','发电机房清洁状态、柴油油料、运行测试记录、机油油位、冷却液液位、机房排风、应急照明，灭火器、干湿温度计、设备运行状态、电瓶情况、配电屏情况、防小动物措施','发现一项问题，按问题性质扣0-10分','住宅项目,商业项目,学校项目,前期项目','0'),(106132566508395,106132566508376,97310237100064,'重点检查项-消防中控室','消防中控室各监控点位情况、消防主机报警情况、录像保存时间、应急照明，灭火器、干湿温度计、设备运行状态、末端配电箱、设备清洁、降温设备、防小动物措施','发现一项问题，按问题性质扣0-10分','住宅项目,商业项目,学校项目,前期项目','0'),(106132566508396,106132566508376,97310237100063,'重点检查项-消防水泵房','消防水泵房内清洁状态、档案记录、防小动物措施、各仪表显示情况、水泵盘车状态、联动信号、模拟启动、排水措施、渗水情况、应急照明，灭火器、干湿温度计、设备运行状态、通风系统、配电柜状态、锈蚀情况','发现一项问题，按问题性质扣0-10分','住宅项目,商业项目,学校项目,前期项目','0'),(106132566508397,106132566508376,97310237100066,'重点检查项-生活水泵房','生活水泵房清洁状态、档案资料、各仪表显示情况、应急照明，灭火器、干湿温度计、设备运行情况、漏水情况、配电柜、通风系统、防小动物措施','发现一项问题，按问题性质扣0-10分','住宅项目,商业项目,学校项目,前期项目','0'),(106132566508398,106132566508376,97310237100062,'重点检查项-配电房','配电房内清洁状态、档案记录、防小动物措施、各仪表显示情况、功率因素、补偿电容、标示系统、开关状态、应急照明，灭火器、干湿温度计、设备运行状态、通风系统、直流屏情况、降温系统','发现一项问题，按问题性质扣0-10分','住宅项目,商业项目,学校项目,前期项目','0'),(106132566508448,106132566508424,97310237100051,'业主财产管理-代收代存物品','代收代存物品、邮件物品堆放有序','有一项未达成，扣10分','住宅项目,商业项目,学校项目,前期项目','0'),(106132566508449,106132566508424,97310237100053,'业主财产管理-整洁美观','无违法违章装修、乱搭建、乱悬挂、乱张贴广告、霓虹灯、招牌整洁统一美观、无安全隐患或破损等','有一项未达成，扣10分','住宅项目,商业项目,学校项目,前期项目','0'),(106132566508450,106132566508424,97310237100052,'业主财产管理-物品登记','收发物品记录登记准确，妥善保管，领回记录清晰','有一项未达成，扣10分','住宅项目,商业项目,学校项目,前期项目','0'),(106132566508451,106132566508424,97310237100038,'信息管理-公告栏完好','公告栏无破损、无小广告，无灰尘','有一项未达成，扣10分','住宅项目,商业项目,学校项目,前期项目','0'),(106132566508452,106132566508424,97310237100036,'信息管理-公告栏有效期','物业服务中心对外公示的通知、通告张贴规范，并保证在有效期内','有一项未达成，扣10分','住宅项目,商业项目,学校项目,前期项目','0'),(106132566508453,106132566508424,97310237100037,'信息管理-公告栏电话公示','在公示栏公示400服务电话、服务中心经理、管家、片区投诉电话','有一项未达成，扣10分','住宅项目,商业项目,学校项目,前期项目','0'),(106132566508454,106132566508424,97310237100028,'办公环境—办公室','前台物品整洁，设置温馨、办公室内干净、整齐、无乱堆乱放','有一项未达成，扣10分','住宅项目,商业项目,学校项目,前期项目','0'),(106132566508455,106132566508424,97310237100029,'办公环境—桌面整洁','桌面上文件摆放整洁、无个人饰物放置在办公桌面','有一项未达成，扣10分','住宅项目,商业项目,学校项目,前期项目','0'),(106132566508456,106132566508424,97310237100056,'售场管理（前期)-保洁','售场保洁必须佩戴白手套','有一项未达成，扣10分','前期项目','0'),(106132566508457,106132566508424,97310237100057,'售场管理（前期)-吧台','吧台只能一人在岗，不得在岗上吃东西，不得玩手机，吧台确保干净整洁，服务主动热情','有一项未达成，扣10分','前期项目','0'),(106132566508458,106132566508424,97310237100055,'售场管理（前期)-接待','客人进入示范区３分钟内必须将水送到位，客人离开2分钟内将水杯收回','有一项未达成，扣10分','前期项目','0'),(106132566508459,106132566508424,97310237100054,'商铺管理-商铺管理','铺面整齐，无违章摆卖，无乱扔垃圾，无非机动车乱停乱放','有一项未达成，扣10分','住宅项目,商业项目,学校项目,前期项目','0'),(106132566508460,106132566508424,97310237100031,'客户档案-业主档案','业主档案资料完整，齐全、标识清晰现场存放规范','有一项未达成，扣10分','住宅项目,商业项目,学校项目,前期项目','0'),(106132566508461,106132566508424,97310237100032,'客户档案-业主档案更新','业主档案更新及时，有电子档案，每周与销售中心进行一次业主资料移交，移交必须有书面的移交清单，清点无误双方签字确认（前期项目）','有一项未达成，扣10分','住宅项目,商业项目,学校项目,前期项目','0'),(106132566508462,106132566508424,97310237100030,'客户档案-文件柜（夹）','文件柜（夹）有统一标识，且标识清晰、无破损现象','有一项未达成，扣10分','住宅项目,商业项目,学校项目,前期项目','0'),(106132566508463,106132566508424,97310237100035,'客户管理-业主访谈计划','有月度业主访谈计划，管家按计划对业主进行访谈，月度业主访谈覆盖率10%，并做好业主访谈记录','有一项未达成，扣10分','住宅项目,商业项目,学校项目,前期项目','0'),(106132566508464,106132566508424,97310237100034,'客户管理-重点业主','每月与重点业主/关键客户的正式沟通应至少一次，每月与关键客户的沟通应至少一次','有一项未达成，扣10分','住宅项目,商业项目,学校项目,前期项目','0'),(106132566508465,106132566508424,97310237100033,'客户管理-重点客户明细表','项目有《重点客户明细表》，并按照要求每月更新','有一项未达成，扣10分','住宅项目,商业项目,学校项目,前期项目','0'),(106132566508466,106132566508424,97310237100026,'工作手册-工作指引','根据项目手册抽问部门负责人一个工作指引、工作手册的培训记录','有一项未达成，扣10分','住宅项目,商业项目,学校项目,前期项目','0'),(106132566508467,106132566508424,97310237100045,'工作记录-品质日检','品质日检记录齐全，问题处理及时','有一项未达成，扣10分','住宅项目,商业项目,学校项目,前期项目','0'),(106132566508468,106132566508424,97310237100046,'工作记录-夜间值班','有夜间值班经理排班表，并按排班表开展夜间巡查工作，在要求的巡查时间（0-6）内有重点岗位签到记录','有一项未达成，扣10分','住宅项目,商业项目,学校项目,前期项目','0'),(106132566508469,106132566508424,97310237100042,'工作记录-客户回访','客户回访及时，报修处理及时率应达到100%','有一项未达成，扣10分','住宅项目,商业项目,学校项目,前期项目','0'),(106132566508470,106132566508424,97310237100039,'工作记录-巡楼情况','巡楼记录本记录完整、巡楼有巡查情况及处理结果、每日有空置房巡查记录（至少抽查2个片区管家的巡查记录）','有一项未达成，扣10分','住宅项目,商业项目,学校项目,前期项目','0'),(106132566508471,106132566508424,97310237100041,'工作记录-投诉处理','投诉应快速处理，投诉处理及时率应达到100%、未完事项有跟进记录，有投诉处理跟进表、改进计纠正预防措施，投诉处理过程及沟通记录完整。','有一项未达成，扣10分','住宅项目,商业项目,学校项目,前期项目','0'),(106132566508472,106132566508424,97310237100040,'工作记录-报事报修记录','所有报事投诉都应有书面记录，有完整的业主报事报修记录。','有一项未达成，扣10分','住宅项目,商业项目,学校项目,前期项目','0'),(106132566508473,106132566508424,97310237100047,'工作记录-未完成报事','当天未完成报事必须转协调单，并将跟进记录填写在乐天系统内，未完成报事状态不得改为完成。','有一项未达成，扣10分','住宅项目,商业项目,学校项目,前期项目','0'),(106132566508474,106132566508424,97310237100044,'工作记录-空置房管理','物业服务中心有住宅与商铺空置房清单，每月填写空置房户内巡查记录，确保空置房内的地面、门、窗、玻璃、栏杆、配电箱等干净整洁、房内无蜘蛛网；空置房内设施设备完好；水电保持在关闭状态，每月抄录空置房水电气表读数（至少抽查5户，非同一栋楼）','有一项未达成，扣10分','住宅项目,商业项目,学校项目,前期项目','0'),(106132566508475,106132566508424,97310237100043,'工作记录-重点工作','各物业服务中心至少每月1次，将项目完成主要工作及下月重点工作，以《物业服务简报》形式向业主公布','有一项未达成，扣10分','住宅项目,商业项目,学校项目,前期项目','0'),(106132566508476,106132566508424,97310237100027,'服务规范-形象检查','在岗人员精神饱满，淡妆、使用语言规范（普通话）、着工装','有一项未达成，扣10分','住宅项目,商业项目,学校项目,前期项目','0'),(106132566508477,106132566508424,97310237100059,'样板间管理（前期)-交接表','有《样板间工作交接表》，相关注意事项（客流量统计、工程维修、当日未完成事项）、工作交接清晰无误','有一项未达成，扣10分','前期项目','0'),(106132566508478,106132566508424,97310237100058,'样板间管理（前期)-售场','项目各部门管理人员每天对售场进行巡查并做好签到','有一项未达成，扣10分','前期项目','0'),(106132566508479,106132566508424,97310237100060,'样板间管理（前期)-物品管理','样板间物品每日清点，实物与清单数据相符，异常情况及时上报，并有记录','有一项未达成，扣10分','前期项目','0'),(106132566508480,106132566508424,97310237100061,'样板间管理（前期)-讲解','礼貌接待所有参观客户，并按《样板间解说词》为参观客户提供讲解服务','有一项未达成，扣10分','前期项目','0'),(106132566508481,106132566508424,97310237100049,'装修管理-装修巡查','每日管家、安全、工程对装修进行巡查，并做好巡查记录','有一项未达成，扣10分','住宅项目,商业项目,学校项目,前期项目','0'),(106132566508482,106132566508424,97310237100048,'装修管理-装修汇总表','各项目应有装修汇总表','有一项未达成，扣10分','住宅项目,商业项目,学校项目,前期项目','0'),(106132566508483,106132566508424,97310237100050,'装修管理-违规装修','对违规装修户有相应的违章整改通知书及跟进记录','有一项未达成，扣10分','住宅项目,商业项目,学校项目,前期项目','0'),(106132566508728,106132566508704,97310237100091,'中控室—6S','岗亭/岗位6S','1.监控室内干净、整齐、无乱堆乱放；\n2.文件柜（夹）有统一标识，且标识清晰、无破损现象，所用文件资料更新及时并有效。','住宅项目,商业项目,学校项目,前期项目','0'),(106132566508729,106132566508704,97310237100092,'中控室—人员出入','1.内部管理人员进出\n2.维保单位人员进出\n3.其它人员进出','1.所有人员进出监控中心需要进行登记\n2.维保单位进出需要安全主管陪同或同意\n3.其它人员进出中控室需主管陪同或同意','住宅项目,商业项目,学校项目,前期项目','0'),(106132566508730,106132566508704,97310237100090,'中控室—监控设备','1.设备运行\n2.设备操作\n3.故障记录','1.设备完好，设备故障有记录、有报事\n2.会视频切换、回放；会手动自动切换；会消音旁路复位；会使用消防广播。','住宅项目,商业项目,学校项目,前期项目','0'),(106132566508731,106132566508704,97310237100093,'中控室—钥匙管理','1.公共区域钥匙\n2.岗位备用钥匙','1.钥匙名称有标志\n2.钥匙存放有专柜\n3.钥匙管理有制度','住宅项目,商业项目,学校项目,前期项目','0'),(106132566508732,106132566508704,97310237100098,'内务管理—6S','宿舍6S','1.床架、物品摆放须整齐；\n2.衣服及其他生活用品须存入指定的地方或柜内，床头不准晾挂衣物，无乱摆放现象；\n3.宿舍内有卫生、值日安排表及相关管理制度','住宅项目,商业项目,学校项目,前期项目','0'),(106132566508733,106132566508704,97310237100082,'办公环境—6S','岗亭/岗位6S','办公室（岗亭）内干净、整齐、无乱堆乱放；','住宅项目,商业项目,学校项目,前期项目','0'),(106132566508734,106132566508704,97310237100083,'办公环境—VI','岗位VI标识','文件柜（夹）有统一标识，且标识清晰、无破损现象，所用文件资料更新及时并有效。','住宅项目,商业项目,学校项目,前期项目','0'),(106132566508735,106132566508704,97310237100095,'巡逻岗—公共区域','1.公区设施设备\n2.公区消防通道','1.公区设施设备损坏有报事\n2.公共区域通道畅通，没有车辆乱停、物品乱堆放','住宅项目,商业项目,学校项目,前期项目','0'),(106132566508736,106132566508704,97310237100097,'巡逻岗—安防、消防','1.安防设施设备巡查\n2.消防设施设备巡查','1.所有安防、消防设施设备有台帐记录\n2.设施设备故障有报事及记录','住宅项目,商业项目,学校项目,前期项目','0'),(106132566508737,106132566508704,97310237100096,'巡逻岗—装修现场','1.装修许可\n2.装修证件\n3.装修行为','1.装修前需要经过许可，有装修许可证\n2.装修工人出入有证件\n3.装修过程中无破坏主体、功能、破坏外观统一、美观的行为\n4.每日装修须清场，无留宿人员','住宅项目,商业项目,学校项目,前期项目','0'),(106132566508738,106132566508704,97310237100094,'巡逻岗—质量记录','1.巡检记录\n2.签到记录','1.记录须完整\n2.记录字迹工整','住宅项目,商业项目,学校项目,前期项目','0'),(106132566508739,106132566508704,97310237100080,'工作手册-工作指引','1.项目安全班长对工作指引的掌握\n2.工作手册培训记录','1.抽考工作指引一条；\n2.关键词表述无错误；\n3.工作手册培训有记录。','住宅项目,商业项目,学校项目,前期项目','0'),(106132566508740,106132566508704,97310237100101,'工作记录—交接','质量记录','1.内容完整\n2.字迹工整\n3.交接签字','住宅项目,商业项目,学校项目,前期项目','0'),(106132566508741,106132566508704,97310237100099,'工作记录—值班记录','质量记录','1.内容完整\n2.字迹工整\n3.交接签字','住宅项目,商业项目,学校项目,前期项目','0'),(106132566508742,106132566508704,97310237100103,'工作记录—品质检查','质量记录','1.内容完整\n2.字迹工整\n3.频次达标','住宅项目,商业项目,学校项目,前期项目','0'),(106132566508743,106132566508704,97310237100102,'工作记录—夜间值班经理督勤','质量记录','1.内容完整\n2.字迹工整\n3.频次达标','住宅项目,商业项目,学校项目,前期项目','0'),(106132566508744,106132566508704,97310237100105,'工作记录—报事报修','质量记录','1.有报事记录\n2.有处理记录','住宅项目,商业项目,学校项目,前期项目','0'),(106132566508745,106132566508704,97310237100104,'工作记录—班长主管督勤','质量记录','1.内容完整\n2.字迹工整\n3.频次达标','住宅项目,商业项目,学校项目,前期项目','0'),(106132566508746,106132566508704,97310237100100,'工作记录—设备运行','质量记录','1.内容完整\n2.字迹工整\n3.交接签字','住宅项目,商业项目,学校项目,前期项目','0'),(106132566508747,106132566508704,97310237100079,'服务规范—基本服务礼仪','岗位基本服务礼仪','1.工作期间着工装、戴工号牌；\n2.男生不染发，头发前不及眉，侧不掩耳、后不触；女生发不过肩，超过肩需要盘起来；\n3.男生不留八字须、三羊须、络腮胡；\n4.站坐行敬礼动作标准，接递物品使用双手，多微笑、主动问候打招呼，使用十字文明用语、其它服务行为符合基本服务礼仪要求；','住宅项目,商业项目,学校项目,前期项目','0'),(106132566508748,106132566508704,97310237100109,'消防管理—消防培训','1.内部员工消防培训\n2.外部消防宣传教育','1.培训有签到记录和培训记录\n2.培训有照片','住宅项目,商业项目,学校项目,前期项目','0'),(106132566508749,106132566508704,97310237100110,'消防管理—消防演练','消防演练','1.有演戏方案\n2.有演练记录\n3.有图片或视频','住宅项目,商业项目,学校项目,前期项目','0'),(106132566508750,106132566508704,97310237100108,'消防管理—消防通道','消防通道保持畅通','1.消防通道畅通，无车辆、物品阻挡','住宅项目,商业项目,学校项目,前期项目','0'),(106132566508751,106132566508704,97310237100107,'消防管理—灭火器具','1.灭火器配置\n2.灭火器有效性','1.灭火器配置位置和数量符合国家规定\n2.干粉灭火器氮气压力不低于绿色区','住宅项目,商业项目,学校项目,前期项目','0'),(106132566508752,106132566508704,97310237100106,'消防管理—设施设备','设施设备完好情况','1.消防设施设备须完好\n2.消防设施设备有台帐\n3.设施设备故障有报事和记录','住宅项目,商业项目,学校项目,前期项目','0'),(106132566508753,106132566508704,97310237100078,'管理者例行事务执行-片区','1.根据项目安全主管例行事务执行情况检查\n2.根据项目安全班长例行事务执行情况检查','1.内容执行无缺项；\n2.完成时间不超时；\n3.完成频次不缺量；\n4.完成质量能达标。','住宅项目,商业项目,学校项目,前期项目','0'),(106132566508754,106132566508704,106124808273288,'管理者例行事务执行-集团','1.片区安全监察例行事务执行情况\n2.项目安全主管例行事务执行情况\n3.项目安全班长例行事务执行情况','1.内容执行无缺项；\n2.完成时间不超时；\n3.完成频次不缺量；\n4.完成质量能达标。','住宅项目,商业项目,学校项目,前期项目','0'),(106132566508755,106132566508704,97310237100077,'管理者例行事务执行-项目','根据项目安全班长例行事务执行情况检查','1.内容执行无缺项；\n2.完成时间不超时；\n3.完成频次不缺量；\n4.完成质量能达标。','住宅项目,商业项目,学校项目,前期项目','0'),(106132566508756,106132566508704,97310237100113,'设备管理—停车收费系统','停车收费系统运行','1.停车收费系统完好，运行正常\n2.故障有报事记录和处理时限。','住宅项目,商业项目,学校项目,前期项目','0'),(106132566508757,106132566508704,97310237100115,'设备管理—电梯对讲','电梯对讲系统运行','1.电梯三方对讲系统完好，运行正常\n2.故障有报事记录和处理时限。','住宅项目,商业项目,学校项目,前期项目','0'),(106132566508758,106132566508704,97310237100112,'设备管理—门岗车辆识别系统','车辆识别系统运行','1.车辆自动识别系统完好，运行正常\n2.故障有报事记录和处理时限。','住宅项目,商业项目,学校项目,前期项目','0'),(106132566508759,106132566508704,97310237100111,'设备管理—门岗道闸','门岗道闸运行','1.门岗道闸系统完好，运行正常\n2.道闸故障有报事记录和处理时限。','住宅项目,商业项目,学校项目,前期项目','0'),(106132566508760,106132566508704,97310237100114,'设备管理—门禁系统','门禁系统运行','1.门禁系统完好，运行正常\n2.故障有报事记录和处理时限。','住宅项目,商业项目,学校项目,前期项目','0'),(106132566508761,106132566508704,97310237100084,'门岗—人行岗-业主管控','1.认识业主的管控\n2.不认识业主的管控','1.对认识的业主有敬礼或微笑、点头、问候；\n2.对于不认识的业主有提醒刷门禁卡。','住宅项目,商业项目,学校项目,前期项目','0'),(106132566508762,106132566508704,97310237100085,'门岗—人行岗-来访人员管控','1.来访人员找业主\n2.来访人员找员工','1.来访管控流程不缺项：询问-核实-登记-放行\n2.来访管控感受无不良：如语言粗俗、态度粗暴','住宅项目,商业项目,学校项目,前期项目','0'),(106132566508763,106132566508704,97310237100086,'门岗—人行岗-物品管控','1.业主携物品外出\n2.员工携物品外出\n3.工人携物品外出','1.大宗物品外出放行前须验收《出门条》并登记\n2.登记时需要凭有效证件','住宅项目,商业项目,学校项目,前期项目','0'),(106132566508764,106132566508704,97310237100089,'门岗—车行岗-临时车辆','1.临时来访车辆进出小区','1.车辆指挥须按交通手势标准\n2.临时车辆管控不缺项：询问-核实-登记-放行','住宅项目,商业项目,学校项目,前期项目','0'),(106132566508765,106132566508704,97310237100087,'门岗—车行岗-执勤动作','1.业主开车进出小区\n2.重要客户开车进出小区\n3.参观车队进出小区','1.车辆指挥须按交通手势标准\n2.重点客户车牌必须记住\n3.重点客户姓名必须记住','住宅项目,商业项目,学校项目,前期项目','0'),(106132566508766,106132566508704,97310237100088,'门岗—车行岗-收费','1.临时停车收费标准\n2.临时收费票据管理','1.收费标准需要记住\n2.收费时钱票应一致\n3.废票、弃票需入箱\n4.未收费车辆有登记','住宅项目,商业项目,学校项目,前期项目','0'),(106132566508928,106132566508920,97310237100000,'工作手册-工作指引','抽问部门负责人一个工作指引','关键词无误','住宅项目,商业项目,学校项目,前期项目','0'),(106132566508929,106132566508920,97310237100009,'工作记录-日常养护记录','检查植物养护记录本、日常巡检、乔木清单目录及更新状态、施药施肥、病虫害防治记录(必检）','记录齐全、完整，处理及时，填写清晰规范，乔木清单有目录，每月更新','住宅项目,商业项目,学校项目,前期项目','0'),(106132566508930,106132566508920,97310237100001,'服务规范-BI规范','检查在岗人员仪容仪貌、礼仪礼节、方向指引动作','精神饱满，言语规范，着工装，主动问好，方向指引动作规范','住宅项目,商业项目,学校项目,前期项目','0'),(106132566508931,106132566508920,97310237100002,'现场标准-乔木养护','检查乔木生长情况，病虫害防治、修剪、支撑固定、有无机械损伤、死树枯枝清理、古树名木养护','无机械掉皮损伤，无病虫害，乔木修剪有警戒标识，行道树下缘枝高于2.5m，不阻挡视线，倾斜植物有支撑固定，古树名木有铭牌','住宅项目,商业项目,学校项目,前期项目','0'),(106132566508932,106132566508920,97310237100007,'现场标准-垂直绿化养护','检查植物生长情况及覆盖率','生长旺盛，修剪整齐，不影响通行、红外监控等设施设备的正常运作，生长期覆盖率在95%以上','住宅项目,商业项目,学校项目,前期项目','0'),(106132566508933,106132566508920,97310237100008,'现场标准-室内绿化养护','检查室内盆栽生长情况，病虫害，容器清洁','植物生长旺盛，无病虫害，无干枯枝，叶面光亮洁净无灰尘，花盆、托盆干净无泥沙，杂物','住宅项目,商业项目,学校项目,前期项目','0'),(106132566508934,106132566508920,97310237100003,'现场标准-庭院养护','检查庭院植被养护情况','无死树、枯枝、缺株现象及无踩踏现象等','住宅项目,商业项目,学校项目,前期项目','0'),(106132566508935,106132566508920,97310237100006,'现场标准-水生植物养护','检查水生植物日常生长情况、病虫害防治','无枯叶、死株，无倾倒吹翻现象，无病虫害','住宅项目,商业项目,学校项目,前期项目','0'),(106132566508936,106132566508920,97310237100004,'现场标准-灌木养护','抽查灌木生长情况，补栽补种、病虫害防治、整形修剪、无缺株、串株死苗、杂草，标识使用正确、抗旱防冻','补栽补种因地适宜、无缺死株、串株现象，无病虫害、带状灌木横平竖直，线条流畅，灌木与灌木带界限2-3cm，球状灌木饱满，更新、翻种，长势不好灌木有标识，灌木带内无杂草，根据气温和植物特性进行抗旱防冻','住宅项目,商业项目,学校项目,前期项目','0'),(106132566508937,106132566508920,97310237100005,'现场标准-草坪养护','检查草坪修剪、切边、杂草、补栽补种、绿化带清洁、标识','草坪高度保持在5-8cm以内，冬季高度在10-15cm以内，100㎡内不超过0.5㎡裸地，线条流畅清晰，无杂物杂草，无裸土，补栽补种符合要求，标识准确，新植草坪需设防护装置','住宅项目,商业项目,学校项目,前期项目','0'),(106132566508976,106132566508968,97310237100011,'办公环境-办公室','办公室（工作间）内干净、整齐、无乱堆乱放，桌面上文件摆放整洁','有一项未达成，扣10分','住宅项目,商业项目,学校项目,前期项目','0'),(106132566508977,106132566508968,97310237100025,'抽查项-员工培训','早晚会情况、周期性培训情况及员工培训效果抽查','有一项未达成，扣10分','住宅项目,商业项目,学校项目,前期项目','0'),(106132566508978,106132566508968,97310237100023,'抽查项-天台、外墙','天台地面情况、天台排水沟情况、低位外墙情况','有一项未达成，扣10分','住宅项目,商业项目,学校项目,前期项目','0'),(106132566508979,106132566508968,97310237100024,'抽查项-有害生物防治','有害生物防治的告示及警示提示、作业人员的防护措施情况','有一项未达成，扣10分','住宅项目,商业项目,学校项目,前期项目','0'),(106132566508980,106132566508968,97310237100012,'文件管理-档案及日检记录','品质日检记录齐全，派工单情况、档案管理情况','有一项未达成，扣10分','住宅项目,商业项目,学校项目,前期项目','0'),(106132566508981,106132566508968,97310237100010,'服务规范-在岗人员','在岗人员头发发套盘好、着工装、讲普通话、黑色鞋子、公区工作警示情况','有一项未达成，扣10分','住宅项目,商业项目,学校项目,前期项目','0'),(106132566508982,106132566508968,97310237100022,'设施设备-保洁机具、物料','保洁类设施设备的保养及使用情况、药剂管理情况、物料的规范摆放情况','有一项未达成，扣10分','住宅项目,商业项目,学校项目,前期项目','0'),(106132566508983,106132566508968,97310237100021,'重点检查项-外包单位的管控','外包单位工作记录、人员管控、考勤情况','有一项未达成，扣10分','住宅项目,商业项目,学校项目,前期项目','0'),(106132566508984,106132566508968,97310237100013,'重点检查项-大堂','天、地、墙情况、垃圾桶、烟灰缸、设施设备、玻璃、警示标示','有一项未达成，扣10分','住宅项目,商业项目,学校项目,前期项目','0'),(106132566508985,106132566508968,97310237100018,'重点检查项-室外公区区域','道路、地面情况、垃圾桶情况、积水（雪）处理情况、','有一项未达成，扣10分','住宅项目,商业项目,学校项目,前期项目','0'),(106132566508986,106132566508968,97310237100014,'重点检查项-楼层','天、地、墙情况、垃圾桶、设施设备、玻璃、警示标示','有一项未达成，扣10分','住宅项目,商业项目,学校项目,前期项目','0'),(106132566508987,106132566508968,97310237100020,'重点检查项-水景','水质情况、漂浮物、警示标示、水景石材情况','有一项未达成，扣10分','住宅项目,商业项目,学校项目,前期项目','0'),(106132566508988,106132566508968,97310237100016,'重点检查项-洗手间','天、地、墙情况、垃圾桶、台面、面盆、玻璃、镜面、警示标示、卫生间异味、纸巾更换情况','有一项未达成，扣10分','住宅项目,商业项目,学校项目,前期项目','0'),(106132566508989,106132566508968,97310237100019,'重点检查项-生活垃圾(建筑垃圾）','垃圾袋的情况、电梯使用情况、日常日清、清运时段、垃圾房情况','有一项未达成，扣10分','住宅项目,商业项目,学校项目,前期项目','0'),(106132566508990,106132566508968,97310237100015,'重点检查项-电梯轿厢','天、地、墙情况、不锈钢的保养情况','有一项未达成，扣10分','住宅项目,商业项目,学校项目,前期项目','0'),(106132566508991,106132566508968,97310237100017,'重点检查项-车库','天、地、墙情况、垃圾桶、设施设备、警示标示','有一项未达成，扣10分','住宅项目,商业项目,学校项目,前期项目','0'),(106132584373000,106132584372992,97310237100091,'中控室—6S','岗亭/岗位6S','1.监控室内干净、整齐、无乱堆乱放；\n2.文件柜（夹）有统一标识，且标识清晰、无破损现象，所用文件资料更新及时并有效。','住宅项目,商业项目,学校项目,前期项目','0'),(106132584373001,106132584372992,97310237100092,'中控室—人员出入','1.内部管理人员进出\n2.维保单位人员进出\n3.其它人员进出','1.所有人员进出监控中心需要进行登记\n2.维保单位进出需要安全主管陪同或同意\n3.其它人员进出中控室需主管陪同或同意','住宅项目,商业项目,学校项目,前期项目','0'),(106132584373002,106132584372992,97310237100090,'中控室—监控设备','1.设备运行\n2.设备操作\n3.故障记录','1.设备完好，设备故障有记录、有报事\n2.会视频切换、回放；会手动自动切换；会消音旁路复位；会使用消防广播。','住宅项目,商业项目,学校项目,前期项目','0'),(106132584373003,106132584372992,97310237100093,'中控室—钥匙管理','1.公共区域钥匙\n2.岗位备用钥匙','1.钥匙名称有标志\n2.钥匙存放有专柜\n3.钥匙管理有制度','住宅项目,商业项目,学校项目,前期项目','0'),(106132584373004,106132584372992,97310237100098,'内务管理—6S','宿舍6S','1.床架、物品摆放须整齐；\n2.衣服及其他生活用品须存入指定的地方或柜内，床头不准晾挂衣物，无乱摆放现象；\n3.宿舍内有卫生、值日安排表及相关管理制度','住宅项目,商业项目,学校项目,前期项目','0'),(106132584373005,106132584372992,97310237100082,'办公环境—6S','岗亭/岗位6S','办公室（岗亭）内干净、整齐、无乱堆乱放；','住宅项目,商业项目,学校项目,前期项目','0'),(106132584373008,106132584372992,97310237100083,'办公环境—VI','岗位VI标识','文件柜（夹）有统一标识，且标识清晰、无破损现象，所用文件资料更新及时并有效。','住宅项目,商业项目,学校项目,前期项目','0'),(106132584373009,106132584372992,97310237100095,'巡逻岗—公共区域','1.公区设施设备\n2.公区消防通道','1.公区设施设备损坏有报事\n2.公共区域通道畅通，没有车辆乱停、物品乱堆放','住宅项目,商业项目,学校项目,前期项目','0'),(106132584373010,106132584372992,97310237100097,'巡逻岗—安防、消防','1.安防设施设备巡查\n2.消防设施设备巡查','1.所有安防、消防设施设备有台帐记录\n2.设施设备故障有报事及记录','住宅项目,商业项目,学校项目,前期项目','0'),(106132584373011,106132584372992,97310237100096,'巡逻岗—装修现场','1.装修许可\n2.装修证件\n3.装修行为','1.装修前需要经过许可，有装修许可证\n2.装修工人出入有证件\n3.装修过程中无破坏主体、功能、破坏外观统一、美观的行为\n4.每日装修须清场，无留宿人员','住宅项目,商业项目,学校项目,前期项目','0'),(106132584373012,106132584372992,97310237100094,'巡逻岗—质量记录','1.巡检记录\n2.签到记录','1.记录须完整\n2.记录字迹工整','住宅项目,商业项目,学校项目,前期项目','0'),(106132584373013,106132584372992,97310237100080,'工作手册-工作指引','1.项目安全班长对工作指引的掌握\n2.工作手册培训记录','1.抽考工作指引一条；\n2.关键词表述无错误；\n3.工作手册培训有记录。','住宅项目,商业项目,学校项目,前期项目','0'),(106132584373014,106132584372992,97310237100101,'工作记录—交接','质量记录','1.内容完整\n2.字迹工整\n3.交接签字','住宅项目,商业项目,学校项目,前期项目','0'),(106132584373015,106132584372992,97310237100099,'工作记录—值班记录','质量记录','1.内容完整\n2.字迹工整\n3.交接签字','住宅项目,商业项目,学校项目,前期项目','0'),(106132584373016,106132584372992,97310237100103,'工作记录—品质检查','质量记录','1.内容完整\n2.字迹工整\n3.频次达标','住宅项目,商业项目,学校项目,前期项目','0'),(106132584373017,106132584372992,97310237100102,'工作记录—夜间值班经理督勤','质量记录','1.内容完整\n2.字迹工整\n3.频次达标','住宅项目,商业项目,学校项目,前期项目','0'),(106132584373018,106132584372992,97310237100105,'工作记录—报事报修','质量记录','1.有报事记录\n2.有处理记录','住宅项目,商业项目,学校项目,前期项目','0'),(106132584373019,106132584372992,97310237100104,'工作记录—班长主管督勤','质量记录','1.内容完整\n2.字迹工整\n3.频次达标','住宅项目,商业项目,学校项目,前期项目','0'),(106132584373020,106132584372992,97310237100100,'工作记录—设备运行','质量记录','1.内容完整\n2.字迹工整\n3.交接签字','住宅项目,商业项目,学校项目,前期项目','0'),(106132584373021,106132584372992,97310237100079,'服务规范—基本服务礼仪','岗位基本服务礼仪','1.工作期间着工装、戴工号牌；\n2.男生不染发，头发前不及眉，侧不掩耳、后不触；女生发不过肩，超过肩需要盘起来；\n3.男生不留八字须、三羊须、络腮胡；\n4.站坐行敬礼动作标准，接递物品使用双手，多微笑、主动问候打招呼，使用十字文明用语、其它服务行为符合基本服务礼仪要求；','住宅项目,商业项目,学校项目,前期项目','0'),(106132584373022,106132584372992,97310237100109,'消防管理—消防培训','1.内部员工消防培训\n2.外部消防宣传教育','1.培训有签到记录和培训记录\n2.培训有照片','住宅项目,商业项目,学校项目,前期项目','0'),(106132584373023,106132584372992,97310237100110,'消防管理—消防演练','消防演练','1.有演戏方案\n2.有演练记录\n3.有图片或视频','住宅项目,商业项目,学校项目,前期项目','0'),(106132584373024,106132584372992,97310237100108,'消防管理—消防通道','消防通道保持畅通','1.消防通道畅通，无车辆、物品阻挡','住宅项目,商业项目,学校项目,前期项目','0'),(106132584373025,106132584372992,97310237100107,'消防管理—灭火器具','1.灭火器配置\n2.灭火器有效性','1.灭火器配置位置和数量符合国家规定\n2.干粉灭火器氮气压力不低于绿色区','住宅项目,商业项目,学校项目,前期项目','0'),(106132584373026,106132584372992,97310237100106,'消防管理—设施设备','设施设备完好情况','1.消防设施设备须完好\n2.消防设施设备有台帐\n3.设施设备故障有报事和记录','住宅项目,商业项目,学校项目,前期项目','0'),(106132584373027,106132584372992,106124808273288,'管理者例行事务执行-集团','1.片区安全监察例行事务执行情况\n2.项目安全主管例行事务执行情况\n3.项目安全班长例行事务执行情况','1.内容执行无缺项；\n2.完成时间不超时；\n3.完成频次不缺量；\n4.完成质量能达标。','住宅项目,商业项目,学校项目,前期项目','0'),(106132584373028,106132584372992,97310237100113,'设备管理—停车收费系统','停车收费系统运行','1.停车收费系统完好，运行正常\n2.故障有报事记录和处理时限。','住宅项目,商业项目,学校项目,前期项目','0'),(106132584373029,106132584372992,97310237100115,'设备管理—电梯对讲','电梯对讲系统运行','1.电梯三方对讲系统完好，运行正常\n2.故障有报事记录和处理时限。','住宅项目,商业项目,学校项目,前期项目','0'),(106132584373030,106132584372992,97310237100112,'设备管理—门岗车辆识别系统','车辆识别系统运行','1.车辆自动识别系统完好，运行正常\n2.故障有报事记录和处理时限。','住宅项目,商业项目,学校项目,前期项目','0'),(106132584373031,106132584372992,97310237100111,'设备管理—门岗道闸','门岗道闸运行','1.门岗道闸系统完好，运行正常\n2.道闸故障有报事记录和处理时限。','住宅项目,商业项目,学校项目,前期项目','0'),(106132584373032,106132584372992,97310237100114,'设备管理—门禁系统','门禁系统运行','1.门禁系统完好，运行正常\n2.故障有报事记录和处理时限。','住宅项目,商业项目,学校项目,前期项目','0'),(106132584373033,106132584372992,97310237100084,'门岗—人行岗-业主管控','1.认识业主的管控\n2.不认识业主的管控','1.对认识的业主有敬礼或微笑、点头、问候；\n2.对于不认识的业主有提醒刷门禁卡。','住宅项目,商业项目,学校项目,前期项目','0'),(106132584373034,106132584372992,97310237100085,'门岗—人行岗-来访人员管控','1.来访人员找业主\n2.来访人员找员工','1.来访管控流程不缺项：询问-核实-登记-放行\n2.来访管控感受无不良：如语言粗俗、态度粗暴','住宅项目,商业项目,学校项目,前期项目','0'),(106132584373035,106132584372992,97310237100086,'门岗—人行岗-物品管控','1.业主携物品外出\n2.员工携物品外出\n3.工人携物品外出','1.大宗物品外出放行前须验收《出门条》并登记\n2.登记时需要凭有效证件','住宅项目,商业项目,学校项目,前期项目','0'),(106132584373036,106132584372992,97310237100089,'门岗—车行岗-临时车辆','1.临时来访车辆进出小区','1.车辆指挥须按交通手势标准\n2.临时车辆管控不缺项：询问-核实-登记-放行','住宅项目,商业项目,学校项目,前期项目','0'),(106132584373037,106132584372992,97310237100087,'门岗—车行岗-执勤动作','1.业主开车进出小区\n2.重要客户开车进出小区\n3.参观车队进出小区','1.车辆指挥须按交通手势标准\n2.重点客户车牌必须记住\n3.重点客户姓名必须记住','住宅项目,商业项目,学校项目,前期项目','0'),(106132584373038,106132584372992,97310237100088,'门岗—车行岗-收费','1.临时停车收费标准\n2.临时收费票据管理','1.收费标准需要记住\n2.收费时钱票应一致\n3.废票、弃票需入箱\n4.未收费车辆有登记','住宅项目,商业项目,学校项目,前期项目','0'),(106132585826904,106132585826896,97310237100073,'办公环境-办公室','办公室（工作间）内干净、整齐、无乱堆乱放，桌面上文件摆放整洁','发现一项问题，按问题性质扣0-10分','住宅项目,商业项目,学校项目,前期项目','0'),(106132585826905,106132585826896,97310237100074,'办公环境-档案管理','品质日检记录齐全，问题关闭情况、派工单情况、项目安全隐患排查情况设备运行档案、各种表格、文件柜（夹）有统一标识，且标识清晰、无破损现象','发现一项问题，按问题性质扣0-10分','住宅项目,商业项目,学校项目,前期项目','0'),(106132585826906,106132585826896,97310237100070,'抽查项-公共区域','电梯前室、楼道、车库照明完好率、、楼道公区墙砖脱落情况、景观石材铺贴情况、景观照明开关时间、灯具锈蚀及损坏情况、配电箱情况','发现一项问题，按问题性质扣0-10分','住宅项目,商业项目,学校项目,前期项目','0'),(106132585826907,106132585826896,97310237100071,'抽查项-前介工作','档案管理情况、前介周报、月报、分户验收档案、监理例会资料、函件、重项问题照片','发现一项问题，按问题性质扣0-10分','住宅项目,商业项目,学校项目,前期项目','0'),(106132585826908,106132585826896,97310237100068,'抽查项-电梯机房','电梯机房设备运行情况、档案资料、轿顶、轿底清洁状态、乘坐感受、通风系统、机房降温系统、漏水情况、安全配件、干湿温度计','发现一项问题，按问题性质扣0-10分','住宅项目,商业项目,学校项目,前期项目','0'),(106132585826909,106132585826896,97310237100067,'抽查项-车库排水','车库排水设施运行情况、配电箱情况、坑内情况、漏水情况、手动自动情况、锈蚀情况、阀体运行情况','发现一项问题，按问题性质扣0-10分','住宅项目,商业项目,学校项目,前期项目','0'),(106132585826910,106132585826896,97310237100069,'抽查项-配电箱柜','二级、三级配电箱柜逻辑系统、柜体内清洁情况、接线规范、显示及操作情况、锁闭情况、锈蚀情况','发现一项问题，按问题性质扣0-10分','住宅项目,商业项目,学校项目,前期项目','0'),(106132585826911,106132585826896,97310237100072,'服务规范-在岗人员','在岗人员边幅修整情况、着工装、讲普通话、穿皮鞋、公区工作警示情况、工具使用情况','发现一项问题，按问题性质扣0-10分','住宅项目,商业项目,学校项目,前期项目','0'),(106132585826912,106132585826896,97310237100076,'系统联动','消防系统联动运行情况、风机手动自动切换情况、防火卷帘门运行情况、末端水压验证情况、背景音乐、道闸、翼闸、门禁系统','发现一项问题，按问题性质扣0-10分','住宅项目,商业项目,学校项目,前期项目','0'),(106132585826913,106132585826896,97310237100075,'设施设备-水景设备','水景设备运行正常、运行时间公告牌、配电柜情况、渗漏情况、水体石材铺贴情况','发现一项问题，按问题性质扣0-10分','住宅项目,商业项目,学校项目,前期项目','0'),(106132585826914,106132585826896,97310237100065,'重点检查项-发电机房','发电机房清洁状态、柴油油料、运行测试记录、机油油位、冷却液液位、机房排风、应急照明，灭火器、干湿温度计、设备运行状态、电瓶情况、配电屏情况、防小动物措施','发现一项问题，按问题性质扣0-10分','住宅项目,商业项目,学校项目,前期项目','0'),(106132585826915,106132585826896,97310237100064,'重点检查项-消防中控室','消防中控室各监控点位情况、消防主机报警情况、录像保存时间、应急照明，灭火器、干湿温度计、设备运行状态、末端配电箱、设备清洁、降温设备、防小动物措施','发现一项问题，按问题性质扣0-10分','住宅项目,商业项目,学校项目,前期项目','0'),(106132585826916,106132585826896,97310237100063,'重点检查项-消防水泵房','消防水泵房内清洁状态、档案记录、防小动物措施、各仪表显示情况、水泵盘车状态、联动信号、模拟启动、排水措施、渗水情况、应急照明，灭火器、干湿温度计、设备运行状态、通风系统、配电柜状态、锈蚀情况','发现一项问题，按问题性质扣0-10分','住宅项目,商业项目,学校项目,前期项目','0'),(106132585826917,106132585826896,97310237100066,'重点检查项-生活水泵房','生活水泵房清洁状态、档案资料、各仪表显示情况、应急照明，灭火器、干湿温度计、设备运行情况、漏水情况、配电柜、通风系统、防小动物措施','发现一项问题，按问题性质扣0-10分','住宅项目,商业项目,学校项目,前期项目','0'),(106132585826918,106132585826896,97310237100062,'重点检查项-配电房','配电房内清洁状态、档案记录、防小动物措施、各仪表显示情况、功率因素、补偿电容、标示系统、开关状态、应急照明，灭火器、干湿温度计、设备运行状态、通风系统、直流屏情况、降温系统','发现一项问题，按问题性质扣0-10分','住宅项目,商业项目,学校项目,前期项目','0'),(106133759675928,106133759675920,97310237100073,'办公环境-办公室','办公室（工作间）内干净、整齐、无乱堆乱放，桌面上文件摆放整洁','发现一项问题，按问题性质扣0-10分','住宅项目,商业项目,学校项目,前期项目','1'),(106133759675929,106133759675920,97310237100074,'办公环境-档案管理','品质日检记录齐全，问题关闭情况、派工单情况、项目安全隐患排查情况设备运行档案、各种表格、文件柜（夹）有统一标识，且标识清晰、无破损现象','发现一项问题，按问题性质扣0-10分','住宅项目,商业项目,学校项目,前期项目','1'),(106133759675930,106133759675920,97310237100070,'抽查项-公共区域','电梯前室、楼道、车库照明完好率、、楼道公区墙砖脱落情况、景观石材铺贴情况、景观照明开关时间、灯具锈蚀及损坏情况、配电箱情况','发现一项问题，按问题性质扣0-10分','住宅项目,商业项目,学校项目,前期项目','0'),(106133759675931,106133759675920,97310237100071,'抽查项-前介工作','档案管理情况、前介周报、月报、分户验收档案、监理例会资料、函件、重项问题照片','发现一项问题，按问题性质扣0-10分','住宅项目,商业项目,学校项目,前期项目','0'),(106133759675932,106133759675920,97310237100068,'抽查项-电梯机房','电梯机房设备运行情况、档案资料、轿顶、轿底清洁状态、乘坐感受、通风系统、机房降温系统、漏水情况、安全配件、干湿温度计','发现一项问题，按问题性质扣0-10分','住宅项目,商业项目,学校项目,前期项目','0'),(106133759675952,106133759675944,97310237100051,'业主财产管理-代收代存物品','代收代存物品、邮件物品堆放有序','有一项未达成，扣10分','住宅项目,商业项目,学校项目,前期项目','1'),(106133759675953,106133759675944,97310237100053,'业主财产管理-整洁美观','无违法违章装修、乱搭建、乱悬挂、乱张贴广告、霓虹灯、招牌整洁统一美观、无安全隐患或破损等','有一项未达成，扣10分','住宅项目,商业项目,学校项目,前期项目','1'),(106133759675954,106133759675944,97310237100052,'业主财产管理-物品登记','收发物品记录登记准确，妥善保管，领回记录清晰','有一项未达成，扣10分','住宅项目,商业项目,学校项目,前期项目','0'),(106133759675955,106133759675944,97310237100038,'信息管理-公告栏完好','公告栏无破损、无小广告，无灰尘','有一项未达成，扣10分','住宅项目,商业项目,学校项目,前期项目','0'),(106133759675956,106133759675944,97310237100036,'信息管理-公告栏有效期','物业服务中心对外公示的通知、通告张贴规范，并保证在有效期内','有一项未达成，扣10分','住宅项目,商业项目,学校项目,前期项目','0'),(106133759675957,106133759675944,97310237100037,'信息管理-公告栏电话公示','在公示栏公示400服务电话、服务中心经理、管家、片区投诉电话','有一项未达成，扣10分','住宅项目,商业项目,学校项目,前期项目','0'),(106133759675976,106133759675960,97310237100091,'中控室—6S','岗亭/岗位6S','1.监控室内干净、整齐、无乱堆乱放；\n2.文件柜（夹）有统一标识，且标识清晰、无破损现象，所用文件资料更新及时并有效。','住宅项目,商业项目,学校项目,前期项目','1'),(106133759675977,106133759675960,97310237100092,'中控室—人员出入','1.内部管理人员进出\n2.维保单位人员进出\n3.其它人员进出','1.所有人员进出监控中心需要进行登记\n2.维保单位进出需要安全主管陪同或同意\n3.其它人员进出中控室需主管陪同或同意','住宅项目,商业项目,学校项目,前期项目','1'),(106133759675978,106133759675960,97310237100090,'中控室—监控设备','1.设备运行\n2.设备操作\n3.故障记录','1.设备完好，设备故障有记录、有报事\n2.会视频切换、回放；会手动自动切换；会消音旁路复位；会使用消防广播。','住宅项目,商业项目,学校项目,前期项目','0'),(106133759675979,106133759675960,97310237100093,'中控室—钥匙管理','1.公共区域钥匙\n2.岗位备用钥匙','1.钥匙名称有标志\n2.钥匙存放有专柜\n3.钥匙管理有制度','住宅项目,商业项目,学校项目,前期项目','0'),(106133759675980,106133759675960,97310237100098,'内务管理—6S','宿舍6S','1.床架、物品摆放须整齐；\n2.衣服及其他生活用品须存入指定的地方或柜内，床头不准晾挂衣物，无乱摆放现象；\n3.宿舍内有卫生、值日安排表及相关管理制度','住宅项目,商业项目,学校项目,前期项目','0'),(106133759675992,106133759675984,97310237100001,'服务规范-BI规范','检查在岗人员仪容仪貌、礼仪礼节、方向指引动作','精神饱满，言语规范，着工装，主动问好，方向指引动作规范','住宅项目,商业项目,学校项目,前期项目','1'),(106133759675993,106133759675984,97310237100003,'现场标准-庭院养护','检查庭院植被养护情况','无死树、枯枝、缺株现象及无踩踏现象等','住宅项目,商业项目,学校项目,前期项目','1'),(106133759675994,106133759675984,97310237100006,'现场标准-水生植物养护','检查水生植物日常生长情况、病虫害防治','无枯叶、死株，无倾倒吹翻现象，无病虫害','住宅项目,商业项目,学校项目,前期项目','0'),(106133759675995,106133759675984,97310237100004,'现场标准-灌木养护','抽查灌木生长情况，补栽补种、病虫害防治、整形修剪、无缺株、串株死苗、杂草，标识使用正确、抗旱防冻','补栽补种因地适宜、无缺死株、串株现象，无病虫害、带状灌木横平竖直，线条流畅，灌木与灌木带界限2-3cm，球状灌木饱满，更新、翻种，长势不好灌木有标识，灌木带内无杂草，根据气温和植物特性进行抗旱防冻','住宅项目,商业项目,学校项目,前期项目','0'),(106133759675996,106133759675984,97310237100005,'现场标准-草坪养护','检查草坪修剪、切边、杂草、补栽补种、绿化带清洁、标识','草坪高度保持在5-8cm以内，冬季高度在10-15cm以内，100㎡内不超过0.5㎡裸地，线条流畅清晰，无杂物杂草，无裸土，补栽补种符合要求，标识准确，新植草坪需设防护装置','住宅项目,商业项目,学校项目,前期项目','0'),(106133759676008,106133759676000,97310237100023,'抽查项-天台、外墙','天台地面情况、天台排水沟情况、低位外墙情况','有一项未达成，扣10分','住宅项目,商业项目,学校项目,前期项目','1'),(106133759676009,106133759676000,97310237100024,'抽查项-有害生物防治','有害生物防治的告示及警示提示、作业人员的防护措施情况','有一项未达成，扣10分','住宅项目,商业项目,学校项目,前期项目','1'),(106133759676010,106133759676000,97310237100022,'设施设备-保洁机具、物料','保洁类设施设备的保养及使用情况、药剂管理情况、物料的规范摆放情况','有一项未达成，扣10分','住宅项目,商业项目,学校项目,前期项目','1'),(106133759676011,106133759676000,97310237100021,'重点检查项-外包单位的管控','外包单位工作记录、人员管控、考勤情况','有一项未达成，扣10分','住宅项目,商业项目,学校项目,前期项目','0'),(106133759676012,106133759676000,97310237100013,'重点检查项-大堂','天、地、墙情况、垃圾桶、烟灰缸、设施设备、玻璃、警示标示','有一项未达成，扣10分','住宅项目,商业项目,学校项目,前期项目','0'),(106133759676013,106133759676000,97310237100018,'重点检查项-室外公区区域','道路、地面情况、垃圾桶情况、积水（雪）处理情况、','有一项未达成，扣10分','住宅项目,商业项目,学校项目,前期项目','0'),(106133759676014,106133759676000,97310237100016,'重点检查项-洗手间','天、地、墙情况、垃圾桶、台面、面盆、玻璃、镜面、警示标示、卫生间异味、纸巾更换情况','有一项未达成，扣10分','住宅项目,商业项目,学校项目,前期项目','0'),(106133759676015,106133759676000,97310237100019,'重点检查项-生活垃圾(建筑垃圾）','垃圾袋的情况、电梯使用情况、日常日清、清运时段、垃圾房情况','有一项未达成，扣10分','住宅项目,商业项目,学校项目,前期项目','0'),(106134482578808,106134482578800,97310237100073,'办公环境-办公室','办公室（工作间）内干净、整齐、无乱堆乱放，桌面上文件摆放整洁','发现一项问题，按问题性质扣0-10分','住宅项目,商业项目,学校项目,前期项目','1'),(106134482578809,106134482578800,97310237100074,'办公环境-档案管理','品质日检记录齐全，问题关闭情况、派工单情况、项目安全隐患排查情况设备运行档案、各种表格、文件柜（夹）有统一标识，且标识清晰、无破损现象','发现一项问题，按问题性质扣0-10分','住宅项目,商业项目,学校项目,前期项目','0'),(106134482578810,106134482578800,97310237100070,'抽查项-公共区域','电梯前室、楼道、车库照明完好率、、楼道公区墙砖脱落情况、景观石材铺贴情况、景观照明开关时间、灯具锈蚀及损坏情况、配电箱情况','发现一项问题，按问题性质扣0-10分','住宅项目,商业项目,学校项目,前期项目','0'),(106134482578811,106134482578800,97310237100071,'抽查项-前介工作','档案管理情况、前介周报、月报、分户验收档案、监理例会资料、函件、重项问题照片','发现一项问题，按问题性质扣0-10分','住宅项目,商业项目,学校项目,前期项目','0'),(106134482578812,106134482578800,97310237100068,'抽查项-电梯机房','电梯机房设备运行情况、档案资料、轿顶、轿底清洁状态、乘坐感受、通风系统、机房降温系统、漏水情况、安全配件、干湿温度计','发现一项问题，按问题性质扣0-10分','住宅项目,商业项目,学校项目,前期项目','0'),(106134482578813,106134482578800,97310237100067,'抽查项-车库排水','车库排水设施运行情况、配电箱情况、坑内情况、漏水情况、手动自动情况、锈蚀情况、阀体运行情况','发现一项问题，按问题性质扣0-10分','住宅项目,商业项目,学校项目,前期项目','0'),(106134482578814,106134482578800,97310237100069,'抽查项-配电箱柜','二级、三级配电箱柜逻辑系统、柜体内清洁情况、接线规范、显示及操作情况、锁闭情况、锈蚀情况','发现一项问题，按问题性质扣0-10分','住宅项目,商业项目,学校项目,前期项目','1'),(106134482578815,106134482578800,97310237100072,'服务规范-在岗人员','在岗人员边幅修整情况、着工装、讲普通话、穿皮鞋、公区工作警示情况、工具使用情况','发现一项问题，按问题性质扣0-10分','住宅项目,商业项目,学校项目,前期项目','1'),(106134482578816,106134482578800,97310237100076,'系统联动','消防系统联动运行情况、风机手动自动切换情况、防火卷帘门运行情况、末端水压验证情况、背景音乐、道闸、翼闸、门禁系统','发现一项问题，按问题性质扣0-10分','住宅项目,商业项目,学校项目,前期项目','1'),(106134482578817,106134482578800,97310237100075,'设施设备-水景设备','水景设备运行正常、运行时间公告牌、配电柜情况、渗漏情况、水体石材铺贴情况','发现一项问题，按问题性质扣0-10分','住宅项目,商业项目,学校项目,前期项目','0'),(106134482578818,106134482578800,97310237100065,'重点检查项-发电机房','发电机房清洁状态、柴油油料、运行测试记录、机油油位、冷却液液位、机房排风、应急照明，灭火器、干湿温度计、设备运行状态、电瓶情况、配电屏情况、防小动物措施','发现一项问题，按问题性质扣0-10分','住宅项目,商业项目,学校项目,前期项目','1'),(106134482578819,106134482578800,97310237100064,'重点检查项-消防中控室','消防中控室各监控点位情况、消防主机报警情况、录像保存时间、应急照明，灭火器、干湿温度计、设备运行状态、末端配电箱、设备清洁、降温设备、防小动物措施','发现一项问题，按问题性质扣0-10分','住宅项目,商业项目,学校项目,前期项目','1'),(106134482578820,106134482578800,97310237100063,'重点检查项-消防水泵房','消防水泵房内清洁状态、档案记录、防小动物措施、各仪表显示情况、水泵盘车状态、联动信号、模拟启动、排水措施、渗水情况、应急照明，灭火器、干湿温度计、设备运行状态、通风系统、配电柜状态、锈蚀情况','发现一项问题，按问题性质扣0-10分','住宅项目,商业项目,学校项目,前期项目','1'),(106134482578821,106134482578800,97310237100066,'重点检查项-生活水泵房','生活水泵房清洁状态、档案资料、各仪表显示情况、应急照明，灭火器、干湿温度计、设备运行情况、漏水情况、配电柜、通风系统、防小动物措施','发现一项问题，按问题性质扣0-10分','住宅项目,商业项目,学校项目,前期项目','1'),(106134482578822,106134482578800,97310237100062,'重点检查项-配电房','配电房内清洁状态、档案记录、防小动物措施、各仪表显示情况、功率因素、补偿电容、标示系统、开关状态、应急照明，灭火器、干湿温度计、设备运行状态、通风系统、直流屏情况、降温系统','发现一项问题，按问题性质扣0-10分','住宅项目,商业项目,学校项目,前期项目','1');

/*!40101 SET SQL_MODE=@OLD_SQL_MODE */;
/*!40014 SET FOREIGN_KEY_CHECKS=@OLD_FOREIGN_KEY_CHECKS */;
/*!40014 SET UNIQUE_CHECKS=@OLD_UNIQUE_CHECKS */;
/*!40111 SET SQL_NOTES=@OLD_SQL_NOTES */;
